Date,"Open (CNY, qfq)","High (CNY, qfq)","Low (CNY, qfq)","Close (CNY, qfq)",Volume (shares)
2016/10/26,19.87,19.87,19.87,19.87,32416.0
2016/10/27,21.86,21.86,21.86,21.86,4900.0
2016/10/28,24.04,24.04,24.04,24.04,8824.0
2016/10/31,26.45,26.45,26.45,26.45,8711.0
2016/11/1,29.09,29.09,29.09,29.09,14700.0
2016/11/2,32.0,32.0,32.0,32.0,18750.0
2016/11/3,35.2,35.2,35.2,35.2,18700.0
2016/11/4,38.71,38.71,38.71,38.71,32266.0
2016/11/7,42.58,42.58,42.58,42.58,46772.0
2016/11/8,46.84,46.84,46.84,46.84,61200.0
2016/11/9,51.53,51.53,51.53,51.53,115948.0
2016/11/10,56.68,56.68,56.68,56.68,88500.0
2016/11/11,62.34,62.34,62.34,62.34,379076.0
2016/11/14,68.58,68.58,68.58,68.58,302183.0
2016/11/15,72.99,75.44,69.02,75.44,32134535.0
2016/11/16,74.18,75.01,70.7,71.36,23657706.0
2016/11/17,69.84,78.5,69.55,77.35,29562179.0
2016/11/18,75.11,77.14,73.87,74.18,18276142.0
2016/11/21,73.04,73.33,69.7,71.56,13983271.0
2016/11/22,71.75,74.67,71.47,72.53,12924425.0
2016/11/23,71.93,78.54,71.2,75.03,17338558.0
2016/11/24,73.79,75.2,72.09,74.22,12267641.0
2016/11/25,73.53,78.42,72.16,76.46,15474484.0
2016/11/28,76.0,76.7,72.03,72.37,12377836.0
2016/11/29,71.57,71.99,68.75,68.78,11628458.0
2016/11/30,68.03,68.62,66.59,68.09,5776451.0
2016/12/1,68.47,69.82,68.14,68.86,5371510.0
2016/12/2,68.66,68.66,64.84,64.9,7091201.0
2016/12/5,63.19,65.37,62.88,63.14,4178348.0
2016/12/6,64.07,65.12,63.28,63.62,3581277.0
2016/12/7,63.19,64.46,62.1,64.23,4450145.0
2016/12/8,63.8,66.05,63.8,64.15,4922449.0
2016/12/9,63.87,64.21,61.76,61.85,5100236.0
2016/12/12,61.53,62.1,55.93,56.8,6492950.0
2016/12/13,56.16,57.64,55.23,56.63,3986462.0
2016/12/14,56.47,57.05,55.26,55.57,3304524.0
2016/12/15,55.66,57.07,55.66,56.23,3638257.0
2016/12/16,55.99,56.88,55.68,56.83,3307764.0
2016/12/19,56.95,56.95,55.92,56.17,2211650.0
2016/12/20,56.33,56.73,55.72,56.42,2011120.0
2016/12/21,56.43,56.78,55.57,56.64,2957114.0
2016/12/22,56.64,56.7,55.8,56.02,2063722.0
2016/12/23,55.89,56.36,52.8,52.85,4271467.0
2016/12/26,52.41,53.2,51.0,53.07,2775454.0
2016/12/27,53.02,55.37,52.67,54.43,3819062.0
2016/12/28,54.18,54.68,53.36,53.59,2119764.0
2016/12/29,53.03,53.76,52.45,52.5,1900815.0
2016/12/30,52.98,53.34,52.25,52.76,1554431.0
2017/1/3,52.68,53.88,52.68,53.82,2148920.0
2017/1/4,53.82,54.4,53.12,54.19,2244767.0
2017/1/5,54.44,54.44,52.76,52.78,2613322.0
2017/1/6,52.77,52.93,49.75,50.01,4226500.0
2017/1/9,49.4,51.87,48.35,50.38,4643497.0
2017/1/10,50.19,51.56,49.73,50.11,2784650.0
2017/1/11,49.93,50.18,48.43,48.46,2657927.0
2017/1/12,48.47,49.32,47.45,47.56,2369146.0
2017/1/13,47.57,47.88,45.01,45.43,3765202.0
2017/1/16,45.02,45.02,40.89,41.99,4390008.0
2017/1/17,41.53,44.87,40.97,44.12,5019197.0
2017/1/18,43.3,43.57,42.34,42.38,2823491.0
2017/1/19,41.94,46.41,41.06,44.05,5782896.0
2017/1/20,43.3,45.71,43.08,45.11,4761554.0
2017/1/23,44.89,46.12,44.73,45.22,2879933.0
2017/1/24,45.07,45.07,43.63,43.74,2932315.0
2017/1/25,43.48,48.07,43.48,47.13,5920126.0
2017/1/26,46.66,48.14,46.26,47.93,4306256.0
2017/2/3,47.54,48.86,46.83,47.79,3897333.0
2017/2/6,47.61,48.85,47.37,48.83,3508054.0
2017/2/7,48.52,48.61,47.45,47.82,3122664.0
2017/2/8,47.64,48.59,47.01,48.42,2916999.0
2017/2/9,48.18,48.69,48.17,48.43,2689584.0
2017/2/10,48.34,48.43,46.79,46.9,3283538.0
2017/2/13,46.82,48.25,46.48,47.72,3061873.0
2017/2/14,47.71,48.49,47.1,47.89,2492912.0
2017/2/15,47.54,48.58,47.37,47.97,4240914.0
2017/2/16,47.7,47.85,46.94,47.37,2889313.0
2017/2/17,47.36,48.78,47.14,47.83,4058266.0
2017/2/20,47.63,47.67,45.76,46.35,3556781.0
2017/2/21,46.23,47.68,46.22,47.21,2508949.0
2017/2/22,47.23,48.11,46.75,47.29,2854566.0
2017/2/23,47.21,49.73,46.86,49.4,7075968.0
2017/2/24,49.15,51.73,49.03,50.94,7345401.0
2017/2/27,50.56,50.62,49.49,49.75,3908908.0
2017/2/28,49.64,51.65,49.64,51.57,5272101.0
2017/3/1,51.69,51.7,50.52,50.62,3942147.0
2017/3/2,50.63,50.86,49.5,49.57,3848432.0
2017/3/3,49.51,50.15,49.22,49.82,2492617.0
2017/3/6,49.68,51.03,49.68,50.81,3126181.0
2017/3/7,50.81,51.77,50.43,51.62,4668541.0
2017/3/8,51.64,52.13,50.55,50.85,3927234.0
2017/3/9,50.59,50.78,49.61,50.05,2637759.0
2017/3/10,50.06,50.86,50.02,50.77,2766532.0
2017/3/13,50.81,53.55,49.89,53.28,7336036.0
2017/3/14,53.26,53.3,51.99,52.3,5749967.0
2017/3/15,52.18,53.31,51.92,52.39,4022306.0
2017/3/16,52.41,53.55,52.4,53.46,5308269.0
2017/3/17,53.3,53.77,51.88,51.97,5742770.0
2017/3/20,51.68,52.74,51.14,52.7,2970948.0
2017/3/21,52.7,53.09,52.23,53.02,2732493.0
2017/3/22,52.56,53.29,51.76,52.89,3639323.0
2017/3/23,52.84,55.56,52.83,54.43,9438478.0
2017/3/24,53.81,54.33,53.46,54.19,4010116.0
2017/3/27,54.28,54.78,53.44,54.19,3110801.0
2017/3/28,52.77,52.77,49.49,49.72,7140921.0
2017/3/29,49.81,50.18,47.25,47.52,4582385.0
2017/3/30,47.19,48.14,46.93,47.47,2746897.0
2017/3/31,47.48,48.16,46.4,47.13,2344468.0
2017/4/5,46.83,47.61,46.2,47.47,2131893.0
2017/4/6,47.16,48.5,47.16,47.78,2024205.0
2017/4/7,47.65,47.89,47.19,47.31,1559979.0
2017/4/10,47.28,47.28,42.95,43.77,4359472.0
2017/4/11,43.79,44.94,43.21,44.61,2003418.0
2017/4/12,44.45,44.45,43.31,43.37,1424484.0
2017/4/13,43.72,44.38,43.41,43.77,1328369.0
2017/4/14,43.64,43.92,43.32,43.41,908210.0
2017/4/17,42.72,42.72,40.9,41.63,1877450.0
2017/4/18,41.53,42.2,41.43,41.47,1139882.0
2017/4/19,41.53,42.14,41.1,42.1,1343162.0
2017/4/20,41.97,42.65,41.19,41.74,1249365.0
2017/4/21,41.73,42.02,41.36,41.46,883199.0
2017/4/24,41.02,41.26,39.61,40.04,1519697.0
2017/4/25,40.14,40.83,40.14,40.36,992804.0
2017/4/26,39.68,40.63,39.24,40.15,1589767.0
2017/4/27,39.77,41.08,38.64,40.94,2517989.0
2017/4/28,40.63,40.98,40.39,40.53,1356036.0
2017/5/2,40.47,40.47,39.73,39.82,1375651.0
2017/5/3,39.85,40.49,39.59,40.4,1501052.0
2017/5/4,40.43,41.0,39.79,40.19,1478224.0
2017/5/5,39.92,40.29,39.31,39.36,1066919.0
2017/5/8,39.02,40.19,38.71,38.9,1059369.0
2017/5/9,39.06,39.64,38.48,39.35,1237855.0
2017/5/10,39.46,39.91,38.45,38.63,1245124.0
2017/5/11,38.33,38.35,35.72,37.57,2641406.0
2017/5/12,37.37,37.82,36.26,36.45,1746288.0
2017/5/15,36.69,36.94,36.15,36.2,961275.0
2017/5/16,36.05,36.94,35.51,36.92,1826070.0
2017/5/17,36.85,37.98,36.68,37.38,2299583.0
2017/5/18,37.2,37.56,36.91,37.0,1196183.0
2017/5/19,37.04,37.48,36.89,37.46,1267290.0
2017/5/22,37.27,37.48,35.32,35.44,1554735.0
2017/5/23,35.52,35.68,33.2,33.4,1694004.0
2017/5/24,33.39,34.09,32.59,33.93,1163189.0
2017/5/25,33.78,34.32,33.03,34.08,1360087.0
2017/5/26,34.08,34.8,34.0,34.26,1215788.0
2017/5/31,35.3,35.63,34.1,34.25,1443485.0
2017/6/1,33.93,34.07,32.12,32.23,1569887.0
2017/6/2,32.09,33.46,31.96,33.24,1302024.0
2017/6/5,33.45,36.41,33.4,35.64,3423975.0
2017/6/6,34.98,35.59,34.98,35.33,1344134.0
2017/6/7,35.51,37.1,35.31,36.92,3424188.0
2017/6/8,36.77,37.0,36.15,36.3,2053824.0
2017/6/9,36.38,36.75,35.74,36.35,1504000.0
2017/6/12,35.81,36.1,34.97,35.03,1231100.0
2017/6/13,34.45,36.34,34.45,35.96,1513700.0
2017/6/14,35.87,36.86,35.72,36.05,1685416.0
2017/6/15,35.97,37.9,35.94,37.33,2842641.0
2017/6/16,37.84,38.73,37.04,37.3,2390578.0
2017/6/19,37.09,40.55,36.77,38.83,3389100.0
2017/6/20,38.38,38.69,37.78,38.06,2292261.0
2017/6/21,38.11,38.2,37.14,37.58,1493700.0
2017/6/22,37.47,37.71,36.86,36.95,1382600.0
2017/6/23,36.5,37.26,35.9,36.64,1357451.0
2017/6/26,36.64,37.01,36.38,36.99,987900.0
2017/6/27,37.04,37.44,36.71,36.96,977150.0
2017/6/28,36.77,36.99,36.34,36.42,1271304.0
2017/6/29,36.35,36.91,36.35,36.46,774136.0
2017/6/30,36.38,36.85,36.06,36.63,857366.0
2017/7/3,36.62,37.42,36.42,37.41,2042917.0
2017/7/4,37.36,37.67,37.14,37.25,1239400.0
2017/7/5,37.2,37.23,36.36,37.08,1518980.0
2017/7/6,37.08,37.2,36.48,36.84,1146953.0
2017/7/7,36.81,37.64,36.63,37.48,1633606.0
2017/7/10,37.31,37.35,36.01,36.26,1604313.0
2017/7/11,36.23,36.36,35.34,35.39,1151800.0
2017/7/12,35.38,35.59,34.55,35.19,1263100.0
2017/7/13,35.19,35.28,34.54,34.93,1223779.0
2017/7/14,35.09,35.09,34.32,34.4,853800.0
2017/7/17,34.01,34.31,30.97,30.97,2232628.0
2017/7/18,29.56,30.86,28.46,30.67,2915188.0
2017/7/19,30.31,30.59,29.45,30.06,1758600.0
2017/7/20,30.1,30.86,29.99,30.1,1400611.0
2017/7/21,30.1,30.34,29.43,29.57,828449.0
2017/7/24,29.36,30.34,28.77,29.97,1480911.0
2017/7/25,29.85,30.77,29.81,30.38,1182755.0
2017/7/26,30.38,31.92,30.38,31.63,2484324.0
2017/7/27,31.47,32.91,31.42,32.43,2578860.0
2017/7/28,32.5,32.5,31.86,31.86,1411300.0
2017/7/31,31.68,32.6,31.48,32.11,1126235.0
2017/8/1,31.94,32.3,31.91,32.09,1086876.0
2017/8/2,31.99,32.47,31.41,31.49,960453.0
2017/8/3,31.52,32.4,31.33,31.71,946200.0
2017/8/4,31.84,32.01,30.95,30.98,954932.0
2017/8/7,30.93,31.68,30.93,31.27,636524.0
2017/8/8,31.33,31.67,30.75,31.54,810124.0
2017/8/9,31.53,31.93,31.27,31.51,712024.0
2017/8/10,31.46,31.7,30.79,30.84,762235.0
2017/8/11,30.68,31.04,30.18,30.76,791616.0
2017/8/14,30.42,31.4,30.42,31.27,679525.0
2017/8/15,31.31,31.67,31.26,31.63,705625.0
2017/8/16,31.69,32.28,31.2,32.06,1438675.0
2017/8/17,31.86,32.19,31.75,32.0,837153.0
2017/8/18,31.77,31.84,31.26,31.33,890900.0
2017/8/21,31.33,31.9,31.29,31.83,993800.0
2017/8/22,31.77,31.94,31.51,31.83,799905.0
2017/8/23,31.96,32.65,31.42,32.49,2037770.0
2017/8/24,32.31,32.49,31.77,31.87,1124952.0
2017/8/25,31.77,32.37,31.75,32.24,1013300.0
2017/8/28,32.27,33.34,32.27,33.06,1961925.0
2017/8/29,33.06,33.63,32.84,33.2,1582849.0
2017/8/30,33.19,33.19,32.64,32.67,1014279.0
2017/8/31,32.66,33.16,32.54,33.05,1058253.0
2017/9/1,33.01,33.08,32.51,32.82,1087400.0
2017/9/4,32.74,33.42,32.63,33.28,1498503.0
2017/9/5,33.24,33.63,33.02,33.15,955200.0
2017/9/6,33.15,33.15,32.63,32.87,862718.0
2017/9/7,33.01,36.15,33.0,36.15,7931959.0
2017/9/8,36.24,37.81,35.79,37.1,11149479.0
2017/9/11,36.28,36.58,35.75,36.37,4316251.0
2017/9/12,36.31,36.49,35.25,35.39,3760867.0
2017/9/13,35.49,35.66,34.91,35.64,1912844.0
2017/9/14,35.51,36.59,35.07,36.0,3064677.0
2017/9/15,35.69,35.81,35.33,35.34,1811803.0
2017/9/18,35.16,35.41,34.59,34.97,1750664.0
2017/9/19,34.97,36.16,34.94,35.75,2786961.0
2017/9/20,35.37,35.71,35.19,35.57,1387100.0
2017/9/21,35.58,36.99,35.25,35.87,3426643.0
2017/9/22,35.57,36.73,35.44,36.53,2801255.0
2017/9/25,36.19,37.53,35.26,35.47,2702451.0
2017/9/26,35.21,35.25,33.91,34.07,2706400.0
2017/9/27,34.07,34.7,34.07,34.32,1048499.0
2017/9/28,34.38,34.67,34.1,34.5,1212151.0
2017/9/29,34.5,34.9,34.29,34.55,1182000.0
2017/10/9,34.88,35.23,34.54,34.6,1261600.0
2017/10/10,34.66,36.41,34.56,36.2,2791773.0
2017/10/11,36.5,37.05,35.79,36.82,4093803.0
2017/10/12,36.4,36.64,35.92,36.4,1927336.0
2017/10/13,36.06,37.04,36.06,36.23,2879436.0
2017/10/16,35.88,35.97,34.1,34.14,2717091.0
2017/10/17,34.07,34.6,33.95,34.17,1166700.0
2017/10/18,34.17,35.03,34.12,34.16,1252149.0
2017/10/19,34.07,34.07,32.25,32.59,2136934.0
2017/10/20,32.59,33.16,32.41,33.01,907300.0
2017/10/23,32.84,33.25,32.73,33.14,568428.0
2017/10/24,33.14,33.24,31.83,32.46,1176807.0
2017/10/25,32.41,32.73,31.88,32.55,1003883.0
2017/10/26,32.55,33.42,32.41,33.22,1234001.0
2017/10/27,32.92,33.7,32.91,33.54,1045729.0
2017/10/30,33.2,33.46,31.95,32.29,1170425.0
2017/10/31,32.13,32.78,31.96,32.58,659600.0
2017/11/1,32.54,33.74,32.44,33.51,1509100.0
2017/11/2,33.35,33.85,32.91,33.3,1040721.0
2017/11/3,33.33,33.72,33.03,33.67,1184483.0
2017/11/6,33.67,34.98,33.66,34.92,2137300.0
2017/11/7,34.81,34.94,34.33,34.81,1401663.0
2017/11/8,34.83,35.41,34.29,34.38,1823160.0
2017/11/9,34.3,34.97,34.27,34.76,1143960.0
2017/11/10,34.76,34.89,34.0,34.07,1386581.0
2017/11/13,34.3,34.62,33.85,34.2,985024.0
2017/11/14,34.27,34.4,32.75,32.95,1601460.0
2017/11/15,32.82,33.02,32.13,32.24,1246000.0
2017/11/16,32.42,32.42,31.97,31.99,771624.0
2017/11/17,32.0,32.3,30.22,30.37,1567543.0
2017/11/20,30.33,30.95,29.73,30.7,959108.0
2017/11/21,30.7,30.92,29.92,30.15,810170.0
2017/11/22,30.08,30.61,29.98,30.11,664730.0
2017/11/23,30.5,31.68,30.11,30.16,1405500.0
2017/11/24,30.18,30.39,29.55,29.87,695900.0
2017/11/27,29.78,30.0,29.57,29.6,485850.0
2017/11/28,29.94,30.21,29.65,30.13,636310.0
2017/11/29,30.29,31.0,29.76,30.58,1105473.0
2017/11/30,30.43,30.75,29.86,30.0,586400.0
2017/12/1,29.99,31.05,29.85,30.87,1191162.0
2017/12/4,30.34,30.75,29.45,29.49,1141349.0
2017/12/5,29.54,29.72,28.21,28.34,1076261.0
2017/12/6,28.32,28.99,28.16,28.92,846706.0
2017/12/7,28.66,30.13,28.65,29.9,1571333.0
2017/12/8,29.88,30.74,29.7,29.96,1991643.0
2017/12/11,29.72,30.21,29.65,30.09,654600.0
2017/12/12,29.95,30.08,29.02,29.05,681542.0
2017/12/13,29.17,29.76,29.09,29.71,732800.0
2017/12/14,29.9,29.97,29.19,29.59,509298.0
2017/12/15,29.62,29.68,29.19,29.44,403598.0
2017/12/18,29.59,29.61,29.09,29.48,503033.0
2017/12/19,29.36,30.21,29.36,29.98,741523.0
2017/12/20,29.74,30.17,29.36,29.45,525535.0
2017/12/21,29.23,29.42,28.67,29.12,539728.0
2017/12/22,29.12,29.23,28.76,28.78,360000.0
2017/12/25,28.8,28.93,27.94,28.12,732859.0
2017/12/26,28.12,29.42,28.03,29.09,1084100.0
2017/12/27,28.96,29.01,28.27,28.45,695600.0
2017/12/28,28.49,29.97,28.38,29.22,1625425.0
2017/12/29,29.1,29.17,28.79,29.0,542200.0
2018/1/2,29.01,29.17,28.87,29.07,479528.0
2018/1/3,29.23,29.23,28.68,29.08,705172.0
2018/1/4,29.08,29.61,28.87,29.43,932200.0
2018/1/5,29.39,29.67,29.09,29.5,924413.0
2018/1/8,29.39,29.59,28.84,29.06,804943.0
2018/1/9,29.04,29.58,28.9,29.37,954643.0
2018/1/10,29.27,29.27,28.69,28.76,918200.0
2018/1/11,28.76,29.51,28.61,29.27,909793.0
2018/1/12,29.93,30.55,29.39,29.72,3066134.0
2018/1/15,29.63,29.7,27.67,27.81,2207781.0
2018/1/16,27.78,27.96,27.61,27.73,1084113.0
2018/1/17,27.85,27.85,26.95,27.43,1178638.0
2018/1/18,27.41,27.58,26.86,26.94,888500.0
2018/1/19,26.84,27.25,26.77,27.02,721757.0
2018/1/22,27.01,27.11,26.22,26.85,1080682.0
2018/1/23,26.94,27.42,26.66,27.19,1124016.0
2018/1/24,26.86,27.68,26.86,27.57,1135416.0
2018/1/25,27.18,27.43,26.67,26.72,1595403.0
2018/1/26,26.37,26.72,26.29,26.34,1035900.0
2018/1/29,26.35,26.51,25.59,25.65,1026320.0
2018/1/30,25.66,25.77,25.46,25.61,503086.0
2018/1/31,25.47,25.49,24.13,24.14,1174252.0
2018/2/1,24.23,24.32,22.32,22.49,1561918.0
2018/2/2,22.76,22.84,22.22,22.59,959883.0
2018/2/5,22.27,22.76,21.84,22.45,496900.0
2018/2/6,22.22,22.31,21.0,21.08,1080600.0
2018/2/7,21.77,21.87,20.63,21.37,768200.0
2018/2/8,21.31,22.05,21.29,21.81,596600.0
2018/2/9,21.33,21.46,20.71,20.98,830899.0
2018/2/12,21.04,21.62,21.04,21.53,599500.0
2018/2/13,21.63,21.64,21.26,21.42,688900.0
2018/2/14,21.58,21.58,21.24,21.26,528100.0
2018/2/22,21.36,21.77,21.28,21.66,588313.0
2018/2/23,21.64,22.11,21.57,21.79,676700.0
2018/2/26,21.86,22.71,21.7,22.69,1254266.0
2018/2/27,22.53,22.78,22.36,22.62,875166.0
2018/2/28,22.52,23.64,22.07,23.04,1517157.0
2018/3/1,22.77,23.42,22.74,23.33,1065419.0
2018/3/2,23.29,23.37,22.99,23.06,980500.0
2018/3/5,23.07,23.24,22.87,23.2,644700.0
2018/3/6,23.19,23.62,23.12,23.3,1140399.0
2018/3/7,23.2,23.29,22.94,23.03,881800.0
2018/3/8,22.89,23.63,22.89,23.61,1220963.0
2018/3/9,23.62,25.97,23.56,25.97,2554766.0
2018/3/12,26.91,27.21,26.19,26.75,5526612.0
2018/3/13,26.68,26.68,25.53,25.62,3098347.0
2018/3/14,25.35,25.83,25.03,25.06,1517130.0
2018/3/15,24.9,25.03,23.93,24.45,1724794.0
2018/3/16,24.64,25.21,24.54,25.16,1375535.0
2018/3/19,25.45,27.64,25.44,26.71,4324312.0
2018/3/20,25.88,26.23,25.49,26.11,2497666.0
2018/3/21,26.06,26.28,25.63,25.65,1999935.0
2018/3/22,25.75,26.67,25.66,26.41,2070447.0
2018/3/23,25.4,25.59,23.78,23.97,2370194.0
2018/3/26,23.2,24.49,22.78,24.32,1399593.0
2018/3/27,24.6,25.62,24.48,25.04,1661493.0
2018/3/28,24.39,24.86,24.12,24.5,1356592.0
2018/3/29,24.55,25.36,24.55,25.35,1584400.0
2018/3/30,25.66,26.0,25.24,25.81,2130316.0
2018/4/2,25.61,26.32,25.55,26.13,2096907.0
2018/4/3,25.52,25.67,25.04,25.32,1340616.0
2018/4/4,25.38,25.95,25.27,25.32,1469905.0
2018/4/9,24.99,25.33,24.37,24.74,1271300.0
2018/4/10,24.75,25.05,23.94,24.45,1345546.0
2018/4/11,24.51,26.0,24.43,25.61,2563348.0
2018/4/12,24.81,25.12,24.53,24.72,2544748.0
2018/4/13,25.1,25.44,24.91,24.98,1864869.0
2018/4/16,24.84,24.91,23.47,24.02,2020299.0
2018/4/17,23.96,24.44,23.22,23.28,1235200.0
2018/4/18,23.29,23.82,22.71,23.41,1150000.0
2018/4/19,23.28,23.63,23.21,23.28,671521.0
2018/4/20,23.21,23.36,22.04,22.1,1208100.0
2018/4/23,22.1,22.47,21.81,22.04,830835.0
2018/4/24,22.04,22.66,22.04,22.62,787900.0
2018/4/25,22.53,23.16,22.53,23.0,967800.0
2018/4/26,22.91,23.0,22.09,22.13,1093935.0
2018/4/27,22.12,22.48,21.66,21.9,748709.0
2018/5/2,21.88,21.98,21.22,21.29,1088319.0
2018/5/3,21.36,21.92,20.96,21.89,908600.0
2018/5/4,21.9,23.37,21.62,22.43,1575600.0
2018/5/7,22.31,23.09,22.29,22.94,1433300.0
2018/5/8,22.95,23.2,22.68,22.98,1159800.0
2018/5/9,23.01,23.03,22.74,22.82,962500.0
2018/5/10,22.83,23.25,22.72,23.21,1311507.0
2018/5/11,23.12,23.12,22.41,22.48,1211219.0
2018/5/14,22.61,23.01,22.52,22.75,919700.0
2018/5/15,22.74,23.27,22.56,23.24,1403900.0
2018/5/16,23.2,23.39,22.76,22.96,1230700.0
2018/5/17,23.03,23.71,22.97,23.3,1598200.0
2018/5/18,23.19,23.26,22.63,23.05,1239709.0
2018/5/21,23.03,23.49,22.98,23.44,1303500.0
2018/5/22,23.39,23.65,23.1,23.51,1381709.0
2018/5/23,23.37,23.62,23.06,23.1,1115509.0
2018/5/24,23.12,23.35,23.01,23.3,891109.0
2018/5/25,23.37,23.47,22.77,22.83,1028400.0
2018/5/28,23.18,23.2,22.54,22.86,896200.0
2018/5/29,23.67,24.29,22.87,23.17,2931809.0
2018/5/30,22.49,22.49,20.87,21.44,2028900.0
2018/5/31,21.35,21.93,21.35,21.68,854133.0
2018/6/1,21.52,21.68,21.13,21.22,805628.0
2018/6/4,21.26,21.48,20.6,20.79,843500.0
2018/6/5,20.79,21.37,20.78,21.34,718218.0
2018/6/6,21.35,21.57,21.1,21.46,590780.0
2018/6/7,21.41,21.64,21.06,21.18,606300.0
2018/6/8,21.19,21.19,20.74,20.95,569366.0
2018/6/11,20.92,21.22,20.77,21.18,498800.0
2018/6/12,21.18,21.32,20.77,21.29,556500.0
2018/6/13,21.22,21.22,20.74,20.86,527880.0
2018/6/14,20.72,21.01,20.6,20.81,491400.0
2018/6/15,20.68,20.86,19.39,19.65,1080300.0
2018/6/19,19.43,19.43,17.69,17.69,1392965.0
2018/6/20,17.69,18.08,17.36,17.89,672683.0
2018/6/21,17.79,17.9,16.84,16.89,1021200.0
2018/6/22,16.78,17.46,16.66,17.33,748800.0
2018/6/25,17.45,17.8,17.21,17.22,450500.0
2018/6/26,17.1,17.68,17.0,17.57,655200.0
2018/6/27,17.63,17.75,17.33,17.4,424600.0
2018/6/28,17.57,17.66,17.36,17.37,702900.0
2018/6/29,17.38,18.02,17.26,17.95,1047036.0
2018/7/2,17.83,18.03,17.18,17.33,805300.0
2018/7/3,17.47,17.99,17.34,17.99,921525.0
2018/7/4,17.88,17.98,17.21,17.41,764464.0
2018/7/5,17.54,17.54,16.87,16.88,499664.0
2018/7/6,17.03,17.35,16.56,17.18,877700.0
2018/7/9,17.15,17.49,17.15,17.46,484500.0
2018/7/10,17.51,17.63,17.31,17.6,539359.0
2018/7/11,17.48,17.54,16.22,16.55,1133000.0
2018/7/12,16.46,17.09,16.46,17.06,1063500.0
2018/7/13,17.33,17.37,16.96,17.14,744200.0
2018/7/16,17.04,17.19,16.91,17.09,677341.0
2018/7/17,17.09,17.38,16.87,17.36,712579.0
2018/7/18,17.23,17.52,17.07,17.17,706059.0
2018/7/19,17.2,17.24,16.54,16.64,1061200.0
2018/7/20,16.5,17.54,16.5,17.44,1355400.0
2018/7/23,17.44,17.44,17.01,17.16,1103604.0
2018/7/24,17.2,17.65,16.91,17.5,1267279.0
2018/7/25,17.46,18.71,17.43,18.02,2492266.0
2018/7/26,17.83,17.9,17.59,17.71,1412216.0
2018/7/27,17.63,17.72,17.44,17.51,692783.0
2018/7/30,17.54,17.59,16.91,17.02,713024.0
2018/7/31,17.18,17.18,16.91,17.1,400900.0
2018/8/1,17.06,17.26,16.7,16.84,557683.0
2018/8/2,16.83,16.84,15.92,16.46,940149.0
2018/8/3,16.37,16.55,16.22,16.25,339992.0
2018/8/6,16.25,16.55,15.88,15.99,416200.0
2018/8/7,16.08,16.4,15.96,16.38,421273.0
2018/8/8,16.36,16.55,16.08,16.09,461000.0
2018/8/9,16.09,16.58,15.94,16.45,709292.0
2018/8/10,16.51,16.64,16.32,16.55,507100.0
2018/8/13,16.46,16.68,16.2,16.67,597497.0
2018/8/14,16.64,16.75,16.38,16.5,433600.0
2018/8/15,16.48,16.48,16.2,16.3,488800.0
2018/8/16,16.2,16.64,15.94,16.09,943000.0
2018/8/17,16.01,16.33,15.76,15.77,606400.0
2018/8/20,15.89,16.0,15.66,15.94,289598.0
2018/8/21,15.91,16.14,15.83,16.06,346371.0
2018/8/22,15.91,16.03,15.61,15.65,326782.0
2018/8/23,15.63,15.89,15.61,15.74,292200.0
2018/8/24,15.76,15.91,15.62,15.87,397059.0
2018/8/27,15.89,16.41,15.79,16.37,981467.0
2018/8/28,16.36,16.36,16.1,16.19,575500.0
2018/8/29,16.1,16.55,16.03,16.24,582682.0
2018/8/30,16.18,16.3,16.01,16.01,555912.0
2018/8/31,15.93,15.93,15.52,15.52,601254.0
2018/9/3,15.47,15.64,14.94,15.3,671973.0
2018/9/4,15.21,15.56,14.99,15.47,607322.0
2018/9/5,15.48,15.7,15.32,15.36,408500.0
2018/9/6,15.36,15.52,15.17,15.22,339600.0
2018/9/7,15.38,15.47,15.13,15.21,325955.0
2018/9/10,15.12,15.17,14.71,14.73,453853.0
2018/9/11,14.86,14.88,14.67,14.75,393000.0
2018/9/12,14.76,14.93,14.58,14.8,375000.0
2018/9/13,14.81,14.94,14.73,14.92,333171.0
2018/9/14,14.92,14.98,14.66,14.66,299900.0
2018/9/17,14.62,14.62,14.17,14.22,440703.0
2018/9/18,14.27,14.51,14.13,14.5,354400.0
2018/9/19,14.53,14.85,14.37,14.69,449788.0
2018/9/20,14.58,14.73,14.51,14.57,296258.0
2018/9/21,14.58,14.88,14.58,14.81,398088.0
2018/9/25,14.76,14.88,14.58,14.82,277700.0
2018/9/26,14.92,14.92,14.76,14.77,337038.0
2018/9/27,14.77,14.85,14.35,14.35,523600.0
2018/9/28,14.39,14.58,14.38,14.51,317700.0
2018/10/8,14.49,14.49,13.68,13.73,626972.0
2018/10/9,13.9,13.94,13.55,13.67,450633.0
2018/10/10,13.63,13.86,13.57,13.81,312455.0
2018/10/11,13.51,13.52,12.43,12.49,1051789.0
2018/10/12,12.48,12.48,11.63,11.98,967830.0
2018/10/15,12.1,12.22,11.82,11.84,405700.0
2018/10/16,11.74,12.13,11.62,11.66,418800.0
2018/10/17,11.75,12.04,11.61,11.97,605259.0
2018/10/18,11.81,11.91,11.6,11.62,562129.0
2018/10/19,11.47,11.97,11.29,11.93,623400.0
2018/10/22,12.05,12.58,11.9,12.43,1271166.0
2018/10/23,12.44,12.56,12.1,12.19,547066.0
2018/10/24,12.32,12.37,12.08,12.19,405200.0
2018/10/25,11.8,12.24,11.68,12.22,743400.0
2018/10/26,12.34,12.92,12.25,12.64,1783700.0
2018/10/29,12.6,12.6,11.81,11.84,1376300.0
2018/10/30,11.89,12.21,11.7,12.09,803138.0
2018/10/31,12.17,12.51,12.15,12.37,873881.0
2018/11/1,12.4,13.39,12.4,12.84,2227019.0
2018/11/2,12.93,13.32,12.73,13.21,1992766.0
2018/11/5,13.54,13.71,12.96,13.29,2185236.0
2018/11/6,13.11,13.59,12.89,13.5,2313050.0
2018/11/7,13.41,13.5,12.85,13.14,1810762.0
2018/11/8,13.17,13.4,12.89,12.96,1127900.0
2018/11/9,12.98,13.19,12.88,13.05,955001.0
2018/11/12,13.01,13.53,13.01,13.49,1477185.0
2018/11/13,13.39,14.05,13.28,13.89,2035206.0
2018/11/14,13.86,14.81,13.71,14.03,2366800.0
2018/11/15,13.84,15.3,13.84,15.03,4162230.0
2018/11/16,14.94,14.99,14.52,14.76,2723948.0
2018/11/19,14.67,14.77,14.48,14.62,1480900.0
2018/11/20,14.62,14.81,14.14,14.21,1153300.0
2018/11/21,14.04,14.4,14.02,14.33,952748.0
2018/11/22,14.36,14.54,14.22,14.4,736871.0
2018/11/23,14.4,14.4,13.41,13.41,1152653.0
2018/11/26,13.42,13.85,13.41,13.53,870000.0
2018/11/27,13.67,14.01,13.67,13.92,913300.0
2018/11/28,13.92,14.87,13.77,14.52,2502655.0
2018/11/29,14.41,14.5,13.81,13.81,1628072.0
2018/11/30,13.8,14.09,13.56,13.95,864972.0
2018/12/3,14.4,14.5,14.03,14.29,1151345.0
2018/12/4,14.24,14.46,14.2,14.44,834923.0
2018/12/5,14.22,14.36,14.13,14.22,655600.0
2018/12/6,14.24,14.32,13.95,14.0,669300.0
2018/12/7,14.04,14.34,14.04,14.17,528900.0
2018/12/10,14.04,14.17,13.66,13.87,526700.0
2018/12/11,14.04,14.17,13.89,14.15,550800.0
2018/12/12,14.23,14.37,13.85,13.85,629100.0
2018/12/13,13.86,14.63,13.86,14.42,1660760.0
2018/12/14,14.39,14.39,13.93,14.08,1095620.0
2018/12/17,13.95,14.08,13.59,13.77,671123.0
2018/12/18,13.68,13.84,13.52,13.62,603030.0
2018/12/19,13.66,13.71,13.5,13.5,554403.0
2018/12/20,13.5,13.67,13.33,13.52,447100.0
2018/12/21,13.48,14.83,13.47,14.31,3491597.0
2018/12/24,14.27,14.63,13.9,14.45,2538560.0
2018/12/25,14.18,14.21,13.52,13.93,1897407.0
2018/12/26,13.86,15.12,13.79,14.81,4076126.0
2018/12/27,14.89,15.23,14.45,15.03,4409017.0
2018/12/28,14.98,15.56,14.73,15.3,3943857.0
2019/1/2,15.32,15.38,14.85,15.01,2378020.0
2019/1/3,15.0,15.0,14.29,14.41,2864800.0
2019/1/4,14.02,14.58,13.95,14.52,2115304.0
2019/1/7,14.62,14.79,14.36,14.68,1701920.0
2019/1/8,14.68,14.69,14.29,14.4,1429229.0
2019/1/9,14.4,15.0,14.34,14.85,2416000.0
2019/1/10,14.76,15.14,14.69,14.89,2274827.0
2019/1/11,14.87,14.94,14.51,14.67,1420805.0
2019/1/14,14.67,14.67,14.34,14.35,1070400.0
2019/1/15,14.21,14.53,14.2,14.53,859408.0
2019/1/16,14.53,14.83,14.4,14.81,1469940.0
2019/1/17,14.74,14.76,14.32,14.36,1070900.0
2019/1/18,14.29,14.49,14.13,14.33,776877.0
2019/1/21,14.3,14.46,14.28,14.35,566000.0
2019/1/22,14.35,14.35,13.96,13.97,1030130.0
2019/1/23,14.0,14.11,13.86,13.86,571487.0
2019/1/24,13.88,14.08,13.78,14.02,619500.0
2019/1/25,14.02,14.08,13.68,13.69,761200.0
2019/1/28,13.74,13.99,13.68,13.69,485700.0
2019/1/29,13.69,13.69,12.33,12.82,1053945.0
2019/1/30,12.69,13.04,12.69,12.78,751000.0
2019/1/31,13.0,13.01,12.5,12.6,763828.0
2019/2/1,12.64,12.96,12.63,12.91,506500.0
2019/2/11,12.95,13.31,12.87,13.28,659100.0
2019/2/12,13.27,13.59,13.23,13.41,717487.0
2019/2/13,13.33,13.77,13.33,13.72,964377.0
2019/2/14,13.73,13.85,13.56,13.74,809500.0
2019/2/15,13.77,14.02,13.68,13.86,769177.0
2019/2/18,14.0,14.27,13.92,14.24,1351377.0
2019/2/19,14.22,14.46,14.13,14.42,1640900.0
2019/2/20,14.41,14.45,14.1,14.45,1170500.0
2019/2/21,14.38,14.94,14.38,14.47,2321800.0
2019/2/22,14.5,14.98,14.41,14.96,2259344.0
2019/2/25,14.99,15.8,14.97,15.77,3641239.0
2019/2/26,15.76,16.13,15.56,15.64,3221246.0
2019/2/27,15.64,16.35,15.63,15.73,3259703.0
2019/2/28,15.71,16.43,15.69,16.19,3292942.0
2019/3/1,16.19,16.38,15.88,16.02,1644728.0
2019/3/4,16.08,16.43,15.95,16.03,2285970.0
2019/3/5,16.0,16.49,16.0,16.37,2123500.0
2019/3/6,16.28,17.16,16.22,17.05,3719064.0
2019/3/7,17.09,17.54,16.83,17.36,3063924.0
2019/3/8,16.93,17.32,16.31,16.34,2938000.0
2019/3/11,16.27,17.84,16.26,17.72,3657834.0
2019/3/12,17.76,18.7,17.54,18.06,4670021.0
2019/3/13,18.07,18.17,16.99,17.17,2797800.0
2019/3/14,17.27,17.28,16.06,16.38,2472900.0
2019/3/15,16.57,16.73,16.08,16.46,1839700.0
2019/3/18,16.45,16.72,16.24,16.71,1446474.0
2019/3/19,16.71,17.25,16.63,17.12,2030905.0
2019/3/20,17.27,17.27,16.65,16.96,1512000.0
2019/3/21,16.89,17.25,16.84,17.09,2059517.0
2019/3/22,17.1,17.23,16.77,17.12,1571400.0
2019/3/25,16.99,16.99,16.66,16.73,1557635.0
2019/3/26,16.79,16.98,16.05,16.05,1721864.0
2019/3/27,16.13,16.45,15.87,16.36,1342374.0
2019/3/28,16.15,16.87,16.15,16.41,1339018.0
2019/3/29,16.39,16.96,16.24,16.82,1425532.0
2019/4/1,16.95,17.5,16.78,17.49,2411854.0
2019/4/2,17.54,17.55,17.18,17.2,2139970.0
2019/4/3,17.18,18.08,17.18,17.98,4039250.0
2019/4/4,18.14,18.23,17.56,17.56,3117101.0
2019/4/8,17.69,17.71,16.83,17.07,2211600.0
2019/4/9,17.02,17.4,17.02,17.22,1762900.0
2019/4/10,17.18,17.24,16.93,17.04,1355900.0
2019/4/11,17.04,17.23,16.52,16.54,1574093.0
2019/4/12,16.49,16.77,16.46,16.61,1096899.0
2019/4/15,16.91,17.2,16.78,16.82,1438918.0
2019/4/16,16.9,17.06,16.35,17.02,1386401.0
2019/4/17,17.0,17.37,16.72,17.36,1957528.0
2019/4/18,17.35,17.36,17.08,17.18,1292100.0
2019/4/19,17.18,17.32,16.83,17.22,1128201.0
2019/4/22,17.36,17.71,16.99,17.09,2231704.0
2019/4/23,16.96,17.27,16.81,16.82,1364946.0
2019/4/24,16.93,17.07,16.54,17.05,1298904.0
2019/4/25,17.01,17.01,16.0,16.01,1664701.0
2019/4/26,16.15,16.24,15.89,15.89,1228001.0
2019/4/29,15.9,16.52,15.53,15.92,1506500.0
2019/4/30,15.92,16.34,15.74,16.1,980977.0
2019/5/6,15.52,15.66,14.86,15.11,1673939.0
2019/5/7,15.14,15.31,14.78,15.05,985137.0
2019/5/8,15.03,15.61,14.57,15.42,1367217.0
2019/5/9,15.33,15.47,15.14,15.16,764800.0
2019/5/10,15.34,15.6,14.94,15.57,1084000.0
2019/5/13,15.39,15.79,15.39,15.6,897800.0
2019/5/14,15.49,15.83,15.38,15.73,725801.0
2019/5/15,15.75,16.07,15.62,15.96,1021124.0
2019/5/16,15.92,16.34,15.86,16.29,1056600.0
2019/5/17,16.34,16.46,14.99,15.26,1245700.0
2019/5/20,15.26,15.74,15.13,15.61,860579.0
2019/5/21,15.59,15.91,15.55,15.81,889100.0
2019/5/22,15.81,16.17,15.63,15.79,895004.0
2019/5/23,15.74,16.14,15.38,15.79,1060801.0
2019/5/24,15.76,16.11,15.48,15.58,820900.0
2019/5/27,15.59,15.84,14.56,15.71,947626.0
2019/5/28,15.6,15.94,15.35,15.49,831401.0
2019/5/29,15.57,15.8,15.38,15.62,582900.0
2019/5/30,15.57,15.57,15.16,15.37,666870.0
2019/5/31,15.37,15.56,15.17,15.29,466228.0
2019/6/3,15.25,15.48,14.88,15.09,684625.0
2019/6/4,15.08,15.23,14.49,14.58,973711.0
2019/6/5,14.6,14.88,14.58,14.66,645230.0
2019/6/6,14.69,14.82,14.4,14.69,710146.0
2019/6/10,14.63,14.88,14.61,14.74,657736.0
2019/6/11,14.77,15.23,14.7,15.17,824467.0
2019/6/12,15.79,16.68,15.54,16.68,2344725.0
2019/6/13,18.15,18.36,17.77,18.36,4362478.0
2019/6/14,19.98,20.19,19.31,20.19,18037212.0
2019/6/17,20.89,22.21,20.89,22.21,4724995.0
2019/6/18,22.71,24.43,22.14,24.43,14174626.0
2019/6/19,26.87,26.87,26.87,26.87,1290500.0
2019/6/20,28.16,29.56,26.5,29.56,25100585.0
2019/6/21,30.88,32.52,30.43,31.79,30532632.0
2019/6/24,32.02,32.58,30.59,31.61,27673011.0
2019/6/25,28.45,28.58,28.45,28.45,5793700.0
2019/6/26,25.98,27.07,25.6,25.6,22307328.0
2019/6/27,24.79,25.41,24.05,25.03,20646861.0
2019/6/28,24.75,25.04,23.91,24.26,12508850.0
2019/7/1,24.62,25.21,24.41,24.81,16717106.0
2019/7/2,24.59,24.61,23.46,24.07,12872362.0
2019/7/3,23.9,24.69,23.63,24.27,9825322.0
2019/7/4,24.14,24.43,23.45,23.88,7431342.0
2019/7/5,23.59,23.92,22.52,23.09,8813162.0
2019/7/8,23.25,23.25,20.88,21.65,11544328.0
2019/7/9,21.57,21.57,20.9,21.48,7605230.0
2019/7/10,21.48,21.56,20.67,21.05,7492417.0
2019/7/11,21.3,21.48,20.73,20.97,6954703.0
2019/7/12,21.17,21.17,20.46,20.66,5404000.0
2019/7/15,20.81,21.6,20.63,21.31,9842671.0
2019/7/16,21.37,21.69,20.96,21.21,7363393.0
2019/7/17,21.07,22.12,20.74,21.54,11479865.0
2019/7/18,21.06,21.06,20.22,20.25,8723948.0
2019/7/19,20.49,21.09,20.43,20.64,8114178.0
2019/7/22,21.11,21.66,19.71,19.91,9481270.0
2019/7/23,20.06,20.89,19.87,20.55,7438652.0
2019/7/24,21.04,21.57,20.8,20.84,9178600.0
2019/7/25,21.16,21.28,20.54,20.76,6372402.0
2019/7/26,20.64,21.03,20.57,20.69,4593728.0
2019/7/29,20.68,20.89,20.12,20.38,4412900.0
2019/7/30,20.54,22.42,20.51,22.42,15906898.0
2019/7/31,22.38,22.4,21.53,21.97,14556985.0
2019/8/1,21.76,24.17,21.63,23.07,20696674.0
2019/8/2,22.52,25.25,22.17,24.62,20130285.0
2019/8/5,24.31,24.34,23.28,23.7,13003316.0
2019/8/6,22.91,22.92,21.34,22.15,13303632.0
2019/8/7,22.19,22.6,20.71,20.82,11466565.0
2019/8/8,21.04,21.05,19.8,20.69,9914419.0
2019/8/9,20.89,20.89,19.74,19.8,7752308.0
2019/8/12,19.74,20.31,19.74,20.23,5535958.0
2019/8/13,20.07,21.28,19.78,20.7,9642189.0
2019/8/14,21.09,21.09,20.56,20.6,6312052.0
2019/8/15,19.81,20.53,19.25,20.25,8048604.0
2019/8/16,20.3,20.76,20.04,20.47,6697092.0
2019/8/19,20.53,21.22,20.27,21.07,7445660.0
2019/8/20,21.13,21.3,20.38,20.54,7328497.0
2019/8/21,20.54,21.03,20.26,20.62,5579521.0
2019/8/22,20.66,21.51,20.41,21.47,7709018.0
2019/8/23,21.6,22.94,21.6,21.81,13085439.0
2019/8/26,20.81,21.79,19.72,21.71,8817226.0
2019/8/27,21.63,23.16,21.57,22.74,10678890.0
2019/8/28,22.59,22.59,21.81,21.97,8280405.0
2019/8/29,21.81,22.16,21.52,21.67,6139302.0
2019/8/30,21.85,21.87,20.44,20.62,6812158.0
2019/9/2,20.64,21.16,20.48,21.01,4375500.0
2019/9/3,21.04,21.34,20.68,21.07,4743201.0
2019/9/4,21.03,21.61,20.77,21.57,5490014.0
2019/9/5,21.71,22.32,21.48,21.65,8684937.0
2019/9/6,21.8,22.22,21.62,22.04,5284458.0
2019/9/9,22.18,23.02,21.82,22.91,10386000.0
2019/9/10,22.71,22.82,22.14,22.43,7340352.0
2019/9/11,22.43,23.11,22.43,22.57,8075129.0
2019/9/12,22.59,22.82,22.05,22.71,6359577.0
2019/9/16,22.84,23.79,22.61,23.3,9497427.0
2019/9/17,23.06,23.21,22.28,22.3,6715411.0
2019/9/18,22.47,24.53,22.34,23.82,12993580.0
2019/9/19,23.41,23.96,23.23,23.61,9400604.0
2019/9/20,23.36,24.21,23.11,23.39,8109745.0
2019/9/23,23.16,23.16,22.3,22.66,4659397.0
2019/9/24,22.55,22.73,22.34,22.37,4071599.0
2019/9/25,22.13,22.23,21.11,21.14,5215283.0
2019/9/26,21.33,21.38,20.07,20.13,3967900.0
2019/9/27,20.49,20.6,20.04,20.42,2299864.0
2019/9/30,20.42,20.68,19.8,19.89,2324230.0
2019/10/8,19.88,20.18,19.67,19.87,1990585.0
2019/10/9,19.62,20.24,19.37,20.24,2135754.0
2019/10/10,20.22,20.49,20.14,20.41,2136649.0
2019/10/11,20.44,21.79,20.01,21.01,4395110.0
2019/10/14,21.06,21.32,20.84,21.25,3449172.0
2019/10/15,21.34,21.51,20.68,20.69,2740141.0
2019/10/16,20.71,21.42,20.45,20.97,3080741.0
2019/10/17,20.62,21.14,20.53,20.61,1962131.0
2019/10/18,20.68,21.43,20.04,20.84,4630149.0
2019/10/21,20.16,20.48,19.8,20.01,2716000.0
2019/10/22,20.09,20.09,19.69,19.92,2239975.0
2019/10/23,19.7,19.7,19.02,19.17,3626915.0
2019/10/24,19.17,19.47,19.08,19.16,2034530.0
2019/10/25,19.19,19.44,19.16,19.28,2087661.0
2019/10/28,19.98,21.01,19.61,20.48,5410210.0
2019/10/29,20.32,20.43,19.75,19.77,3594685.0
2019/10/30,19.81,19.95,19.16,19.34,2585480.0
2019/10/31,19.45,19.62,19.19,19.35,1926641.0
2019/11/1,19.07,19.57,19.07,19.54,1706410.0
2019/11/4,19.48,19.94,19.47,19.73,2005774.0
2019/11/5,19.62,19.88,19.41,19.59,1521199.0
2019/11/6,19.51,19.9,19.51,19.84,1739700.0
2019/11/7,19.84,20.51,19.57,20.41,4067800.0
2019/11/8,20.35,20.61,20.06,20.14,3349899.0
2019/11/11,19.97,19.97,19.03,19.2,3172800.0
2019/11/12,19.15,19.3,18.64,18.95,2113806.0
2019/11/13,18.85,19.12,18.66,18.82,1721541.0
2019/11/14,18.93,19.04,18.57,18.89,1959707.0
2019/11/15,18.87,20.78,18.77,20.78,8225500.0
2019/11/18,21.32,22.56,21.16,21.82,16513108.0
2019/11/19,20.57,23.98,20.57,22.63,19142593.0
2019/11/20,22.25,23.16,21.29,21.55,14491249.0
2019/11/21,21.22,21.23,20.58,20.97,8540236.0
2019/11/22,20.92,21.15,19.78,19.83,8066495.0
2019/11/25,19.95,19.96,19.04,19.22,4909086.0
2019/11/26,19.2,19.42,18.93,19.39,3657400.0
2019/11/27,19.34,19.36,18.83,19.27,2865970.0
2019/11/28,19.12,19.79,19.05,19.46,3942800.0
2019/11/29,19.35,19.45,19.08,19.35,2461600.0
2019/12/2,19.35,19.55,19.21,19.35,2410900.0
2019/12/3,19.25,19.35,18.9,19.35,2618051.0
2019/12/4,19.23,19.45,19.13,19.37,2056809.0
2019/12/5,19.45,19.87,19.37,19.7,3671097.0
2019/12/6,19.7,21.22,19.51,21.15,9882571.0
2019/12/9,20.98,21.21,20.57,20.91,6891641.0
2019/12/10,20.89,20.94,20.41,20.89,4818800.0
2019/12/11,20.93,22.07,20.91,21.03,8119205.0
2019/12/12,21.19,21.89,20.64,21.63,7080364.0
2019/12/13,21.63,21.71,21.25,21.39,5144500.0
2019/12/16,21.51,22.07,21.36,21.93,5741800.0
2019/12/17,22.36,22.36,21.63,22.0,7497518.0
2019/12/18,22.0,23.82,21.76,22.81,12237702.0
2019/12/19,22.61,23.34,22.35,22.61,8403744.0
2019/12/20,22.48,23.02,21.75,21.75,7220716.0
2019/12/23,22.19,22.87,21.83,21.92,6751078.0
2019/12/24,22.0,22.25,21.35,22.11,5987384.0
2019/12/25,21.93,22.29,21.82,22.01,4870850.0
2019/12/26,21.98,22.22,21.57,22.16,4622238.0
2019/12/27,22.26,23.17,22.21,22.23,8037846.0
2019/12/30,21.8,21.98,21.16,21.69,5073200.0
2019/12/31,21.52,21.67,21.23,21.33,3954833.0
2020/1/2,21.51,22.99,21.51,22.71,8429063.0
2020/1/3,22.67,23.51,22.66,23.13,9766659.0
2020/1/6,22.81,24.07,22.43,23.62,9048062.0
2020/1/7,23.45,24.75,23.16,24.54,12114804.0
2020/1/8,24.07,24.42,23.63,23.7,8184050.0
2020/1/9,24.07,24.15,23.28,23.99,6612205.0
2020/1/10,23.87,23.94,23.41,23.68,4091012.0
2020/1/13,23.7,24.28,23.57,24.2,5904762.0
2020/1/14,24.41,24.58,23.61,23.61,5071100.0
2020/1/15,23.57,24.09,23.46,23.62,3670700.0
2020/1/16,23.62,23.91,23.17,23.68,3979900.0
2020/1/17,23.72,23.89,23.21,23.34,3243300.0
2020/1/20,23.96,25.02,23.8,24.61,9740450.0
2020/1/21,24.01,24.15,23.21,23.27,7685800.0
2020/1/22,23.16,23.99,22.71,23.91,4763200.0
2020/1/23,23.85,26.3,23.55,26.3,18425314.0
2020/2/3,26.61,28.94,26.43,27.11,26043902.0
2020/2/4,25.6,29.75,25.6,29.38,24159325.0
2020/2/5,28.16,31.68,28.16,30.52,22932550.0
2020/2/6,29.79,32.26,29.45,30.75,19074179.0
2020/2/7,29.98,31.39,28.63,29.79,16554220.0
2020/2/10,29.79,30.68,29.15,29.97,11846495.0
2020/2/11,30.06,30.06,28.25,28.47,9223912.0
2020/2/12,28.51,29.41,28.47,28.93,7676495.0
2020/2/13,28.88,29.97,27.39,29.68,11349117.0
2020/2/14,29.66,29.83,28.62,28.85,8668701.0
2020/2/17,29.06,29.79,28.84,29.63,6869295.0
2020/2/18,29.7,32.23,29.34,31.23,10273402.0
2020/2/19,31.26,31.28,29.43,29.43,8077995.0
2020/2/20,29.43,29.61,28.3,29.05,6935923.0
2020/2/21,29.33,31.05,29.09,30.33,8504788.0
2020/2/24,30.29,31.19,29.87,30.5,8676327.0
2020/2/25,29.61,29.99,28.34,29.6,8144032.0
2020/2/26,29.2,31.41,29.09,30.75,11284975.0
2020/2/27,31.42,33.83,29.54,33.83,17016136.0
2020/2/28,32.71,35.92,31.33,31.48,17647365.0
2020/3/2,31.62,32.96,29.72,32.0,11692521.0
2020/3/3,32.17,33.73,31.63,33.25,11147716.0
2020/3/4,32.78,33.89,31.97,32.8,7673437.0
2020/3/5,32.71,33.15,31.68,31.94,7437166.0
2020/3/6,31.33,31.59,30.77,30.8,5583399.0
2020/3/9,29.97,29.97,27.72,27.72,8479667.0
2020/3/10,27.25,28.55,25.88,28.51,7900638.0
2020/3/11,28.51,28.78,27.72,28.06,4879217.0
2020/3/12,28.0,28.47,27.29,27.79,3323507.0
2020/3/13,26.33,27.36,25.91,26.81,3997643.0
2020/3/16,27.13,27.7,25.52,25.75,4248965.0
2020/3/17,26.26,26.49,24.16,25.75,3945506.0
2020/3/18,25.97,26.28,24.89,24.95,3810217.0
2020/3/19,25.05,26.18,24.69,26.04,4373504.0
2020/3/20,26.16,26.61,25.88,26.2,2957442.0
2020/3/23,25.44,26.12,24.88,25.28,2470419.0
2020/3/24,25.88,25.98,24.79,25.58,2423235.0
2020/3/25,25.98,27.18,25.79,26.85,4183956.0
2020/3/26,26.63,27.37,26.38,26.84,3119700.0
2020/3/27,27.0,27.02,26.11,26.44,2452800.0
2020/3/30,25.88,26.06,25.25,25.7,2021800.0
2020/3/31,25.51,26.27,25.14,25.98,2600800.0
2020/4/1,25.95,26.77,25.79,26.17,2449500.0
2020/4/2,25.96,26.93,25.88,26.93,2169900.0
2020/4/3,26.94,26.94,25.98,26.13,2097900.0
2020/4/7,26.35,26.8,26.35,26.65,2255600.0
2020/4/8,26.7,27.34,26.52,27.2,3349000.0
2020/4/9,27.16,27.4,26.91,27.25,2737723.0
2020/4/10,27.25,27.3,26.23,26.36,2456823.0
2020/4/13,26.34,26.61,25.61,26.38,1855800.0
2020/4/14,26.38,27.59,26.38,27.47,2983885.0
2020/4/15,29.88,29.88,28.68,29.26,7788398.0
2020/4/16,29.23,31.09,28.8,30.62,7522841.0
2020/4/17,30.83,31.59,30.26,30.92,6234395.0
2020/4/20,30.43,33.36,30.27,33.15,7262214.0
2020/4/21,33.01,34.06,32.14,33.11,7265577.0
2020/4/22,32.62,33.92,32.51,33.24,5472000.0
2020/4/23,33.15,33.24,31.72,32.25,7505624.0
2020/4/24,32.7,32.7,29.03,29.03,10833622.0
2020/4/27,29.03,29.79,28.56,28.75,5792695.0
2020/4/28,28.65,28.78,27.32,28.04,4553022.0
2020/4/29,28.24,29.12,28.09,28.91,4311947.0
2020/4/30,29.22,30.57,29.22,30.09,7427248.0
2020/5/6,29.91,30.64,29.61,30.22,4570882.0
2020/5/7,30.27,30.93,29.76,30.04,4123600.0
2020/5/8,30.23,31.11,30.13,30.97,4187129.0
2020/5/11,31.29,31.3,30.63,31.01,3103895.0
2020/5/12,31.24,31.77,30.88,31.72,4532446.0
2020/5/13,31.61,31.71,31.15,31.25,3147372.0
2020/5/14,30.93,32.04,30.91,31.24,4480195.0
2020/5/15,31.42,31.92,31.18,31.47,3349200.0
2020/5/18,31.32,32.38,30.88,31.99,4126700.0
2020/5/19,32.2,35.0,31.88,34.43,9387296.0
2020/5/20,34.43,35.65,34.15,34.67,5856971.0
2020/5/21,34.97,35.12,33.15,33.4,6907999.0
2020/5/22,33.25,34.56,33.25,33.52,6525260.0
2020/5/25,32.73,36.58,32.73,35.62,7958161.0
2020/5/26,36.12,36.12,35.06,35.42,5026149.0
2020/5/27,35.48,35.51,33.49,33.71,5348050.0
2020/5/28,33.99,37.08,33.99,35.79,12607462.0
2020/5/29,35.61,37.27,35.3,35.57,8808283.0
2020/6/1,35.85,37.25,35.85,36.11,6573868.0
2020/6/2,36.29,36.29,34.92,35.25,5364122.0
2020/6/3,35.25,37.25,34.72,36.95,6500989.0
2020/6/4,37.06,37.42,36.22,36.6,3866583.0
2020/6/5,36.38,37.03,35.97,36.55,3061871.0
2020/6/8,36.92,37.3,35.79,35.79,3171300.0
2020/6/9,36.06,36.86,35.25,35.4,4722123.0
2020/6/10,35.58,36.01,34.95,35.49,4524891.0
2020/6/11,35.47,39.05,35.47,38.97,10050562.0
2020/6/12,37.66,39.43,37.66,39.42,7408801.0
2020/6/15,40.2,43.36,40.19,43.36,9221838.0
2020/6/16,44.93,46.81,43.67,46.39,13128587.0
2020/6/17,45.33,45.92,43.36,44.47,10300889.0
2020/6/18,44.71,45.59,41.54,43.57,9350834.0
2020/6/19,43.7,44.53,42.91,43.8,7533138.0
2020/6/22,43.73,46.08,43.51,43.92,6510819.0
2020/6/23,44.37,46.07,43.21,45.23,9542891.0
2020/6/24,45.28,48.26,44.55,46.42,10546313.0
2020/6/29,46.13,47.65,45.19,46.11,6664226.0
2020/6/30,46.58,50.72,46.15,50.72,10720318.0
2020/7/1,51.02,52.84,49.57,51.39,11772297.0
2020/7/2,50.67,51.42,48.8,49.32,8935318.0
2020/7/3,48.39,49.9,47.56,49.34,5583881.0
2020/7/6,47.79,49.66,46.97,49.1,7579164.0
2020/7/7,49.1,53.41,48.7,53.22,9052305.0
2020/7/8,52.58,53.13,49.3,52.66,8019578.0
2020/7/9,52.04,54.76,50.99,52.89,6993231.0
2020/7/10,52.62,54.76,51.68,54.03,6768087.0
2020/7/13,53.54,57.51,53.54,56.03,6399847.0
2020/7/14,55.69,59.16,54.87,57.97,7174328.0
2020/7/15,58.43,58.43,53.09,53.22,9725060.0
2020/7/16,53.38,55.48,51.84,51.86,6880700.0
2020/7/17,52.16,55.23,50.51,54.77,6701983.0
2020/7/20,55.48,56.14,53.31,55.96,5549438.0
2020/7/21,56.13,56.41,53.59,55.16,4883332.0
2020/7/22,54.56,57.1,53.6,55.72,6022617.0
2020/7/23,54.85,56.29,53.31,54.56,5105207.0
2020/7/24,54.56,55.53,51.12,51.22,5679806.0
2020/7/27,51.32,53.82,51.32,52.17,4736136.0
2020/7/28,52.04,52.81,51.49,52.41,3259700.0
2020/7/29,52.41,56.87,52.23,55.34,6524303.0
2020/7/30,55.01,55.53,49.81,49.81,12826227.0
2020/7/31,49.28,50.2,47.02,48.05,10691747.0
2020/8/3,48.84,48.93,47.64,48.17,6491013.0
2020/8/4,48.64,48.84,45.2,45.95,10817305.0
2020/8/5,46.02,47.15,45.2,46.56,6602913.0
2020/8/6,47.1,47.27,45.23,45.83,5742049.0
2020/8/7,45.92,45.92,43.41,44.74,6102627.0
2020/8/10,44.74,45.64,43.95,44.9,4071439.0
2020/8/11,44.9,44.9,42.92,43.14,4327874.0
2020/8/12,43.27,43.75,40.97,42.15,4767582.0
2020/8/13,42.45,42.91,41.62,42.2,3163896.0
2020/8/14,42.21,42.54,41.08,41.98,3956720.0
2020/8/17,42.16,42.54,41.74,42.44,4320101.0
2020/8/18,42.36,43.61,42.04,43.05,7119123.0
2020/8/19,42.77,42.82,41.19,41.23,4665518.0
2020/8/20,40.86,42.44,40.35,42.18,4326048.0
2020/8/21,42.24,43.76,42.18,42.57,6754965.0
2020/8/24,42.82,42.82,40.99,42.16,4170600.0
2020/8/25,42.2,43.53,41.99,42.95,5079310.0
2020/8/26,43.13,43.17,41.55,42.36,3885368.0
2020/8/27,41.99,42.93,41.68,42.72,3251995.0
2020/8/28,43.16,43.42,41.69,42.33,4849209.0
2020/8/31,42.25,45.07,41.99,43.71,8203365.0
2020/9/1,43.8,43.82,41.74,41.79,7873269.0
2020/9/2,41.89,43.8,41.82,43.26,7931692.0
2020/9/3,43.36,43.74,42.09,42.53,5270965.0
2020/9/4,42.0,42.0,40.72,41.36,4981160.0
2020/9/7,41.21,41.88,38.95,39.57,4768465.0
2020/9/8,39.26,39.68,37.59,38.51,3906505.0
2020/9/9,38.03,38.24,36.09,36.32,4424124.0
2020/9/10,36.89,37.3,36.0,36.21,2787190.0
2020/9/11,35.67,36.86,35.67,36.29,3244812.0
2020/9/14,36.39,37.07,36.07,36.7,2708521.0
2020/9/15,37.53,37.65,36.27,36.89,2018468.0
2020/9/16,36.62,36.87,36.04,36.39,1773043.0
2020/9/17,36.62,36.62,35.59,36.32,2498717.0
2020/9/18,36.69,37.23,35.97,37.04,2968339.0
2020/9/21,37.26,37.38,36.29,36.54,2335832.0
2020/9/22,36.22,37.0,35.69,36.18,2159330.0
2020/9/23,36.5,37.32,36.01,37.03,3296456.0
2020/9/24,36.7,37.83,36.53,36.63,4576992.0
2020/9/25,36.53,36.79,35.63,36.26,2538125.0
2020/9/28,36.42,37.06,34.7,34.78,2866859.0
2020/9/29,34.9,37.55,34.9,36.03,5171908.0
2020/9/30,36.2,36.37,35.54,35.93,2139875.0
2020/10/9,36.3,38.51,36.29,37.85,4237032.0
2020/10/12,37.89,38.36,37.42,38.19,4274175.0
2020/10/13,38.08,38.41,37.4,38.4,3253085.0
2020/10/14,38.6,39.91,37.75,38.09,3763376.0
2020/10/15,38.94,39.34,37.58,37.68,3996805.0
2020/10/16,37.66,38.87,36.78,38.77,4299670.0
2020/10/19,39.51,40.58,38.39,39.48,5431838.0
2020/10/20,39.79,39.8,37.79,39.08,4608860.0
2020/10/21,39.31,39.31,37.86,37.98,2555251.0
2020/10/22,37.95,38.46,37.63,38.09,2204396.0
2020/10/23,38.1,38.99,36.5,36.68,4192838.0
2020/10/26,36.68,36.9,35.93,36.34,2573988.0
2020/10/27,36.11,37.81,36.0,37.58,3183906.0
2020/10/28,37.95,37.95,36.79,37.76,1991664.0
2020/10/29,36.99,39.85,36.99,38.84,5907400.0
2020/10/30,39.11,39.19,36.3,36.41,5263018.0
2020/11/2,36.36,36.48,32.77,32.77,7589126.0
2020/11/3,32.17,32.94,31.62,32.69,6309503.0
2020/11/4,32.67,33.31,31.88,32.6,3542559.0
2020/11/5,32.92,33.25,32.12,32.99,3948218.0
2020/11/6,32.99,33.26,32.16,32.62,2822688.0
2020/11/9,32.7,33.68,32.62,33.47,3544647.0
2020/11/10,33.47,34.33,33.17,33.61,3241575.0
2020/11/11,33.61,33.8,32.49,32.71,3020367.0
2020/11/12,32.86,33.07,32.22,32.42,1841636.0
2020/11/13,32.39,32.65,31.86,32.4,1933525.0
2020/11/16,32.39,32.62,31.51,31.8,2561162.0
2020/11/17,31.93,32.07,30.69,31.0,2719824.0
2020/11/18,30.92,31.65,30.69,30.86,2319341.0
2020/11/19,30.95,31.34,30.2,31.2,2240157.0
2020/11/20,31.15,31.34,30.67,30.83,1969357.0
2020/11/23,30.76,31.0,30.23,30.66,2157260.0
2020/11/24,30.51,31.06,30.27,30.75,2430605.0
2020/11/25,30.87,30.87,30.33,30.37,1647213.0
2020/11/26,30.31,30.57,29.77,29.86,1947726.0
2020/11/27,29.86,30.1,28.89,29.53,2997306.0
2020/11/30,29.47,30.05,28.88,29.7,3415451.0
2020/12/1,29.83,31.23,29.62,30.95,4948372.0
2020/12/2,30.97,31.15,30.66,30.99,2647554.0
2020/12/3,31.08,31.54,30.79,31.13,2790824.0
2020/12/4,31.07,31.33,30.89,31.19,1889782.0
2020/12/7,30.97,31.39,30.83,31.05,1862418.0
2020/12/8,31.32,32.35,31.12,31.52,3798821.0
2020/12/9,31.34,31.43,30.33,30.33,2777172.0
2020/12/10,30.17,30.53,29.59,29.8,2047800.0
2020/12/11,29.86,30.14,29.04,29.59,2019200.0
2020/12/14,29.3,29.61,28.67,28.87,2732700.0
2020/12/15,28.58,28.8,28.12,28.7,2430544.0
2020/12/16,28.55,29.7,28.38,29.23,2779965.0
2020/12/17,29.4,29.42,28.42,28.88,2104547.0
2020/12/18,28.8,28.95,28.18,28.42,1895300.0
2020/12/21,28.33,29.55,28.12,29.49,2633547.0
2020/12/22,29.44,30.14,28.95,28.98,3006240.0
2020/12/23,28.87,29.16,28.12,28.27,2915852.0
2020/12/24,28.21,28.21,26.76,26.8,3261152.0
2020/12/25,26.65,27.52,26.51,27.47,1885800.0
2020/12/28,27.46,27.66,26.47,26.64,2356500.0
2020/12/29,26.47,29.2,26.27,28.37,4459000.0
2020/12/30,28.25,28.95,27.92,28.67,3115244.0
2020/12/31,28.56,29.12,28.4,28.92,2097053.0
2021/1/4,28.84,29.39,28.72,29.19,2322034.0
2021/1/5,28.85,29.78,28.62,29.0,2840506.0
2021/1/6,29.02,29.08,27.76,27.91,2976066.0
2021/1/7,27.91,27.91,25.82,26.16,4727912.0
2021/1/8,25.96,27.33,25.57,26.69,4201314.0
2021/1/11,26.76,27.83,26.57,27.0,4103389.0
2021/1/12,26.65,27.26,26.28,26.61,3016617.0
2021/1/13,26.62,26.79,25.57,26.25,2940970.0
2021/1/14,26.27,26.93,25.86,26.33,2502622.0
2021/1/15,26.28,27.18,26.28,26.63,3198300.0
2021/1/18,26.64,28.29,26.64,28.28,4350765.0
2021/1/19,28.06,28.26,27.2,27.24,4107772.0
2021/1/20,27.61,28.74,27.3,27.48,4371345.0
2021/1/21,27.24,28.63,27.18,28.43,5387123.0
2021/1/22,28.43,28.43,27.39,27.6,4197279.0
2021/1/25,27.41,27.43,26.25,26.48,3919001.0
2021/1/26,26.49,27.77,26.37,26.78,4199580.0
2021/1/27,26.98,29.45,26.59,29.45,6960958.0
2021/1/28,30.7,31.76,29.99,30.7,15192576.0
2021/1/29,30.28,33.76,29.74,32.26,15531064.0
2021/2/1,31.69,31.69,30.47,30.91,9949079.0
2021/2/2,30.4,31.58,29.8,30.76,7815434.0
2021/2/3,30.33,31.27,29.5,29.56,8101917.0
2021/2/4,28.84,28.94,26.6,26.93,10783727.0
2021/2/5,26.6,27.48,25.3,25.55,6005868.0
2021/2/8,25.62,26.04,24.58,25.91,4523331.0
2021/2/9,25.69,26.46,25.51,26.12,3467455.0
2021/2/10,26.13,26.7,25.73,26.25,2975891.0
2021/2/18,26.56,27.38,26.44,26.7,3540390.0
2021/2/19,26.47,27.83,26.47,27.74,4810456.0
2021/2/22,27.67,28.29,27.09,27.16,5420805.0
2021/2/23,26.93,27.37,26.21,26.35,3971867.0
2021/2/24,26.33,27.24,26.2,26.81,3854035.0
2021/2/25,27.11,27.25,25.78,26.01,3769223.0
2021/2/26,25.78,26.27,25.51,26.01,2186850.0
2021/3/1,26.06,27.06,25.83,27.03,3327930.0
2021/3/2,26.93,27.18,26.54,26.87,2432353.0
2021/3/3,26.87,27.38,26.74,27.25,2661720.0
2021/3/4,27.14,27.5,26.86,27.06,2825486.0
2021/3/5,26.74,27.77,26.65,27.51,3103013.0
2021/3/8,27.48,28.38,27.29,27.4,4208252.0
2021/3/9,27.36,27.72,26.12,26.4,3274790.0
2021/3/10,26.54,26.91,25.64,25.74,2839642.0
2021/3/11,25.73,26.97,25.59,26.46,2660353.0
2021/3/12,26.47,26.52,25.73,25.92,2675857.0
2021/3/15,25.56,25.56,24.44,24.5,4274563.0
2021/3/16,24.53,25.07,24.53,24.85,1912011.0
2021/3/17,24.77,25.22,24.54,24.99,1721554.0
2021/3/18,25.09,25.1,24.74,24.83,1582406.0
2021/3/19,24.54,24.8,24.45,24.63,1532455.0
2021/3/22,24.63,25.14,24.62,24.95,1311859.0
2021/3/23,25.14,25.44,24.73,25.04,2022123.0
2021/3/24,25.02,25.34,24.74,25.27,2072088.0
2021/3/25,25.29,25.34,24.82,24.87,1656136.0
2021/3/26,24.86,25.17,24.75,25.05,1468508.0
2021/3/29,25.06,25.17,24.82,24.97,1209602.0
2021/3/30,24.97,25.11,24.77,25.1,1298051.0
2021/3/31,25.06,25.06,24.77,24.77,1446000.0
2021/4/1,24.81,24.89,24.57,24.82,1296912.0
2021/4/2,24.85,25.07,24.76,24.94,1154577.0
2021/4/6,24.9,25.64,24.75,25.45,2616178.0
2021/4/7,25.54,25.65,25.15,25.44,1554903.0
2021/4/8,25.42,25.62,25.03,25.16,1725231.0
2021/4/9,25.17,25.59,25.11,25.59,1646768.0
2021/4/12,25.54,25.54,24.54,24.55,2369533.0
2021/4/13,24.5,24.75,24.24,24.32,1115275.0
2021/4/14,24.53,24.95,24.31,24.95,1269736.0
2021/4/15,24.96,25.08,24.63,25.02,1036576.0
2021/4/16,24.95,25.15,24.67,25.01,1559851.0
2021/4/19,25.0,25.25,24.72,25.23,1643188.0
2021/4/20,25.04,25.64,25.0,25.11,2192607.0
2021/4/21,24.92,25.23,24.81,25.0,1258873.0
2021/4/22,25.09,25.61,25.09,25.43,1867758.0
2021/4/23,25.42,25.42,24.84,25.0,1631519.0
2021/4/26,24.84,25.16,24.54,24.58,2001795.0
2021/4/27,24.58,24.77,24.21,24.31,1429917.0
2021/4/28,24.52,24.76,24.24,24.47,1247144.0
2021/4/29,24.35,24.66,24.28,24.49,1070419.0
2021/4/30,24.58,24.93,24.51,24.58,1284099.0
2021/5/6,24.35,24.52,23.8,23.8,1909805.0
2021/5/7,23.73,23.76,22.75,22.79,3031545.0
2021/5/10,22.7,22.72,21.87,22.04,2076293.0
2021/5/11,22.01,22.36,21.9,22.21,1274257.0
2021/5/12,22.2,22.6,21.87,22.56,1548719.0
2021/5/13,22.31,22.91,22.29,22.4,1370200.0
2021/5/14,22.56,22.87,22.41,22.8,1255933.0
2021/5/17,22.7,22.78,22.38,22.59,1094077.0
2021/5/18,23.41,24.34,23.41,23.64,2868337.0
2021/5/19,23.17,23.41,23.08,23.34,1572237.0
2021/5/20,23.3,23.62,22.95,23.47,1856853.0
2021/5/21,23.52,23.7,22.98,22.98,1516420.0
2021/5/24,23.02,23.3,22.8,23.22,1047207.0
2021/5/25,23.43,23.75,23.27,23.43,1702600.0
2021/5/26,23.43,23.75,23.37,23.49,1664143.0
2021/5/27,23.62,24.13,23.47,23.87,2328380.0
2021/5/28,23.99,26.26,23.99,24.8,5727744.0
2021/5/31,24.48,24.79,24.18,24.67,3137042.0
2021/6/1,24.54,25.11,24.21,24.85,2554214.0
2021/6/2,25.0,25.07,24.37,24.5,2020469.0
2021/6/3,24.86,24.95,24.21,24.25,1952600.0
2021/6/4,24.25,24.76,24.09,24.48,1349400.0
2021/6/7,24.4,24.97,24.4,24.94,1919100.0
2021/6/8,25.01,25.12,24.67,24.73,1780963.0
2021/6/9,24.67,24.9,24.26,24.43,1613976.0
2021/6/10,24.43,25.01,24.33,24.93,2158497.0
2021/6/11,24.93,25.18,24.56,24.91,2397592.0
2021/6/15,24.81,24.81,23.81,24.1,2045397.0
2021/6/16,24.1,24.44,23.34,23.57,1838926.0
2021/6/17,23.56,23.75,23.17,23.74,1555618.0
2021/6/18,23.61,24.17,23.61,24.05,1297099.0
2021/6/21,23.9,25.0,23.9,24.6,2560193.0
2021/6/22,24.76,25.05,24.36,24.5,1776278.0
2021/6/23,24.6,24.66,24.2,24.6,1487926.0
2021/6/24,24.59,24.59,24.08,24.09,1443365.0
2021/6/25,24.0,24.2,23.72,24.03,1258490.0
2021/6/28,24.01,24.03,23.54,23.58,1797264.0
2021/6/29,23.52,23.8,23.19,23.22,1311079.0
2021/6/30,23.22,23.52,22.89,23.52,1420161.0
2021/7/1,23.53,23.53,23.15,23.17,805157.0
2021/7/2,23.03,23.4,22.62,22.72,1518294.0
2021/7/5,22.78,23.0,22.73,22.81,1148426.0
2021/7/6,22.85,22.88,22.44,22.82,1217402.0
2021/7/7,22.66,23.15,22.65,23.12,1328566.0
2021/7/8,23.13,23.17,22.62,22.66,1171250.0
2021/7/9,22.54,22.94,22.54,22.89,1016203.0
2021/7/12,22.89,23.52,22.88,23.4,1642536.0
2021/7/13,23.39,24.36,23.31,23.67,2563100.0
2021/7/14,23.65,24.18,23.47,23.89,2201674.0
2021/7/15,23.88,23.89,23.17,23.67,1577647.0
2021/7/16,23.6,23.87,23.42,23.47,927711.0
2021/7/19,23.34,23.57,22.9,23.36,893430.0
2021/7/20,23.28,23.34,22.97,23.15,822488.0
2021/7/21,23.21,23.51,23.05,23.16,1168242.0
2021/7/22,23.07,23.52,22.66,23.17,1527091.0
2021/7/23,23.03,23.12,22.58,22.61,1367101.0
2021/7/26,22.61,22.87,21.93,22.09,1352146.0
2021/7/27,21.97,22.35,21.93,22.09,1481356.0
2021/7/28,22.29,22.31,21.42,21.56,1197674.0
2021/7/29,21.64,22.01,21.63,21.66,872577.0
2021/7/30,21.55,21.82,21.41,21.63,1164698.0
2021/8/2,21.6,22.16,21.6,22.12,1192200.0
2021/8/3,22.08,22.16,21.54,21.64,1796000.0
2021/8/4,21.42,21.42,19.97,20.56,3262900.0
2021/8/5,20.46,20.46,19.93,19.95,2338075.0
2021/8/6,20.07,20.07,19.07,19.14,3090262.0
2021/8/9,19.09,19.56,18.97,19.49,1978200.0
2021/8/10,19.49,19.87,19.38,19.78,1651021.0
2021/8/11,19.68,19.88,19.61,19.64,1432477.0
2021/8/12,19.69,19.95,19.65,19.86,1312440.0
2021/8/13,19.96,19.96,19.45,19.59,1122319.0
2021/8/16,19.59,19.88,19.48,19.73,741903.0
2021/8/17,19.72,19.78,19.11,19.14,1347300.0
2021/8/18,19.1,19.51,18.97,19.5,985383.0
2021/8/19,19.33,20.42,19.33,20.24,2747035.0
2021/8/20,20.45,20.45,19.61,19.84,1721574.0
2021/8/23,19.8,19.91,19.63,19.8,1315567.0
2021/8/24,19.88,19.97,19.6,19.63,1507950.0
2021/8/25,19.63,20.45,19.6,19.99,2058270.0
2021/8/26,20.07,20.07,19.61,19.65,1285122.0
2021/8/27,19.69,19.87,19.29,19.41,1479780.0
2021/8/30,19.43,19.69,19.05,19.17,1281260.0
2021/8/31,18.49,18.95,18.3,18.34,2366899.0
2021/9/1,18.34,20.17,18.34,20.17,4341168.0
2021/9/2,20.6,21.49,20.39,20.81,6723052.0
2021/9/3,20.82,21.23,20.45,21.11,4751596.0
2021/9/6,21.14,21.55,20.95,21.45,3472647.0
2021/9/7,21.46,23.4,21.35,23.29,7063722.0
2021/9/8,23.29,24.51,23.13,23.98,6911360.0
2021/9/9,24.04,24.05,22.26,22.39,6653612.0
2021/9/10,22.49,22.81,21.55,21.59,5030869.0
2021/9/13,21.45,22.73,21.14,22.1,5152681.0
2021/9/14,22.1,22.38,21.42,21.44,3136274.0
2021/9/15,21.39,21.86,21.22,21.58,1946983.0
2021/9/16,21.45,22.17,21.37,21.83,2221392.0
2021/9/17,21.83,21.83,21.02,21.34,1700920.0
2021/9/22,21.05,21.31,20.71,20.88,1297807.0
2021/9/23,21.13,22.06,21.04,21.82,2421784.0
2021/9/24,21.82,21.96,21.27,21.3,1669988.0
2021/9/27,21.3,21.72,21.02,21.36,1439956.0
2021/9/28,21.43,21.47,20.57,20.66,1520634.0
2021/9/29,20.68,20.74,20.25,20.26,960571.0
2021/9/30,20.26,20.79,20.26,20.38,698800.0
2021/10/8,20.61,21.18,20.61,21.08,1065084.0
2021/10/11,21.25,21.68,20.82,21.54,1800827.0
2021/10/12,21.47,21.47,20.95,21.09,832679.0
2021/10/13,21.13,21.4,21.11,21.31,721500.0
2021/10/14,21.33,21.6,20.76,20.76,812600.0
2021/10/15,20.76,21.07,20.54,20.77,705800.0
2021/10/18,20.64,20.74,20.28,20.55,726556.0
2021/10/19,20.55,21.25,20.41,21.04,841585.0
2021/10/20,20.88,21.13,20.77,21.01,476357.0
2021/10/21,20.96,21.07,20.81,21.04,568283.0
2021/10/22,21.0,21.7,20.92,21.41,1429456.0
2021/10/25,21.36,21.36,21.03,21.09,1107956.0
2021/10/26,21.12,21.34,20.59,20.81,1092779.0
2021/10/27,20.54,20.75,20.31,20.31,820828.0
2021/10/28,20.25,20.49,19.84,19.88,861322.0
2021/10/29,19.73,21.87,19.71,21.87,3294561.0
2021/11/1,22.47,22.75,21.93,22.38,5613843.0
2021/11/2,22.33,23.04,22.12,22.61,4664220.0
2021/11/3,22.57,23.2,22.3,22.75,3407534.0
2021/11/4,22.61,23.21,22.28,23.15,3887791.0
2021/11/5,22.84,24.02,22.8,23.05,5684940.0
2021/11/8,24.87,25.36,23.77,24.18,10261256.0
2021/11/9,23.44,24.12,23.14,23.49,5675408.0
2021/11/10,23.28,25.84,23.19,25.84,10979374.0
2021/11/11,25.83,26.42,24.65,25.8,12961679.0
2021/11/12,25.79,25.79,25.06,25.39,6268943.0
2021/11/15,25.05,27.94,25.05,27.94,13459544.0
2021/11/16,27.46,30.04,27.35,28.47,12919614.0
2021/11/17,28.05,28.32,27.28,27.93,6961890.0
2021/11/18,27.88,28.02,25.81,26.03,9201732.0
2021/11/19,25.72,26.62,25.62,26.05,5340809.0
2021/11/22,25.8,26.62,25.71,26.31,4107183.0
2021/11/23,25.99,26.35,25.37,26.2,4105274.0
2021/11/24,26.04,27.74,25.85,26.96,6412639.0
2021/11/25,27.09,27.13,25.51,25.65,4930065.0
2021/11/26,25.48,25.92,25.26,25.73,2579901.0
2021/11/29,25.05,25.43,24.97,25.24,2191362.0
2021/11/30,25.25,26.16,25.25,25.59,2391203.0
2021/12/1,25.52,25.91,25.15,25.89,2071674.0
2021/12/2,25.95,26.72,25.66,25.67,2826651.0
2021/12/3,25.81,26.59,25.78,26.17,2445898.0
2021/12/6,25.93,26.16,24.97,25.0,2528027.0
2021/12/7,25.0,25.42,24.08,24.5,3442338.0
2021/12/8,24.66,25.16,24.12,25.0,2194225.0
2021/12/9,24.86,25.25,24.76,24.83,1993308.0
2021/12/10,24.6,25.65,24.45,25.26,3081948.0
2021/12/13,25.31,27.74,25.29,26.7,8774020.0
2021/12/14,26.47,27.14,26.26,27.0,6076061.0
2021/12/15,26.96,27.0,26.45,26.69,3909498.0
2021/12/16,26.72,29.15,26.41,28.27,8826537.0
2021/12/17,27.94,28.57,27.27,28.02,6697241.0
2021/12/20,27.74,28.75,26.89,26.95,5074775.0
2021/12/21,27.13,27.61,26.69,26.85,3868900.0
2021/12/22,26.86,27.74,26.46,27.25,4807563.0
2021/12/23,27.35,27.35,26.54,26.58,3761751.0
2021/12/24,26.63,27.2,26.22,26.68,3220766.0
2021/12/27,26.55,26.63,25.4,25.5,3443408.0
2021/12/28,25.5,26.68,25.41,25.97,3089800.0
2021/12/29,25.98,26.08,25.52,25.66,2124901.0
2021/12/30,25.5,27.93,25.5,27.05,6810860.0
2021/12/31,27.04,27.89,26.73,27.74,6383555.0
2022/1/4,27.73,28.61,27.43,28.21,6628410.0
2022/1/5,28.07,29.02,27.94,28.59,7619200.0
2022/1/6,28.23,28.55,27.54,28.31,4363000.0
2022/1/7,28.25,29.03,27.66,27.67,4533800.0
2022/1/10,27.51,27.96,27.0,27.7,3074594.0
2022/1/11,27.7,28.8,27.57,27.74,4672067.0
2022/1/12,27.77,30.52,27.47,30.01,10839263.0
2022/1/13,30.44,30.44,28.12,28.31,9022538.0
2022/1/14,27.84,27.93,26.84,27.19,5433000.0
2022/1/17,27.0,28.22,26.94,27.7,5309631.0
2022/1/18,27.7,28.07,27.08,27.26,4430543.0
2022/1/19,28.22,29.99,28.21,29.42,13685736.0
2022/1/20,29.34,29.36,26.54,26.72,11453098.0
2022/1/21,27.08,27.6,26.63,26.66,4636315.0
2022/1/24,24.93,25.72,24.85,25.3,5674155.0
2022/1/25,25.24,25.64,24.14,24.15,3591450.0
2022/1/26,24.22,24.78,23.97,24.24,1993602.0
2022/1/27,24.23,24.31,22.99,22.99,2841100.0
2022/1/28,23.03,23.61,22.78,23.27,1360098.0
2022/2/7,23.62,23.65,23.09,23.37,1159748.0
2022/2/8,23.34,24.01,23.03,24.0,1619000.0
2022/2/9,24.01,24.45,23.86,24.42,1780710.0
2022/2/10,24.43,24.63,24.05,24.53,1387526.0
2022/2/11,24.6,24.6,24.01,24.01,1185533.0
2022/2/14,23.95,24.27,23.52,23.92,1465962.0
2022/2/15,23.95,24.37,23.51,23.77,2124198.0
2022/2/16,24.05,25.48,23.86,25.08,4319303.0
2022/2/17,25.54,25.98,24.78,25.31,4857191.0
2022/2/18,24.97,25.25,24.83,25.1,2140370.0
2022/2/21,24.99,25.52,24.97,25.19,1939672.0
2022/2/22,24.97,25.42,24.52,24.7,2123672.0
2022/2/23,24.69,25.06,24.69,24.87,1316000.0
2022/2/24,24.58,24.83,23.4,23.7,2889196.0
2022/2/25,23.9,24.16,23.88,23.94,1020200.0
2022/2/28,23.99,24.11,23.37,23.65,1564356.0
2022/3/1,23.71,23.89,23.6,23.77,986402.0
2022/3/2,23.9,24.0,23.58,23.97,1006900.0
2022/3/3,23.97,24.13,23.69,23.73,1042202.0
2022/3/4,23.52,23.9,23.16,23.73,1942672.0
2022/3/7,23.58,23.58,22.87,23.07,1461403.0
2022/3/8,23.03,23.29,22.17,22.35,1541999.0
2022/3/9,22.35,22.54,21.08,21.83,1683557.0
2022/3/10,22.16,23.12,21.84,22.53,2314860.0
2022/3/11,21.92,22.74,21.75,22.67,1388154.0
2022/3/14,22.54,22.96,22.19,22.31,1245798.0
2022/3/15,22.29,22.42,20.34,20.57,2439916.0
2022/3/16,21.43,21.43,19.97,20.92,2653947.0
2022/3/17,21.07,22.42,21.07,22.1,3742148.0
2022/3/18,21.79,22.05,21.6,21.92,1890065.0
2022/3/21,22.14,22.73,22.02,22.31,1972900.0
2022/3/22,22.19,22.53,21.86,22.36,1866215.0
2022/3/23,22.36,23.03,22.29,22.61,2446272.0
2022/3/24,22.47,22.61,22.17,22.55,1899493.0
2022/3/25,22.53,23.83,22.27,23.19,3703450.0
2022/3/28,23.21,23.67,22.7,23.03,2630570.0
2022/3/29,23.28,23.48,22.53,22.75,2268931.0
2022/3/30,22.66,23.02,22.39,23.01,2006115.0
2022/3/31,23.01,23.65,22.72,23.39,2631000.0
2022/4/1,23.3,24.55,23.02,24.27,5944220.0
2022/4/6,24.55,26.69,24.28,25.89,8540255.0
2022/4/7,25.74,26.48,25.1,25.23,7325096.0
2022/4/8,25.24,25.33,23.81,24.01,5659739.0
2022/4/11,23.86,25.6,23.63,24.72,5837177.0
2022/4/12,26.15,26.36,24.01,24.31,7994312.0
2022/4/13,23.15,23.4,21.88,21.88,7917761.0
2022/4/14,21.68,22.05,21.31,21.51,2912578.0
2022/4/15,21.55,21.55,20.65,20.79,2705153.0
2022/4/18,20.7,21.5,20.42,21.36,1847277.0
2022/4/19,21.27,21.82,21.1,21.73,1817548.0
2022/4/20,21.72,22.05,21.42,21.7,1614737.0
2022/4/21,21.45,21.95,20.99,21.17,2127560.0
2022/4/22,20.82,21.45,20.82,21.05,1477109.0
2022/4/25,20.6,20.62,19.14,19.22,2596698.0
2022/4/26,19.33,20.23,18.84,19.22,2158898.0
2022/4/27,18.91,19.7,18.46,19.57,2163162.0
2022/4/28,19.42,19.56,18.6,19.05,1858769.0
2022/4/29,18.85,20.21,18.85,20.0,2520891.0
2022/5/5,19.88,20.49,19.7,20.18,1445049.0
2022/5/6,19.7,19.7,18.16,18.16,4379364.0
2022/5/9,17.47,18.15,17.26,17.72,4052500.0
2022/5/10,17.57,18.2,17.33,18.2,2631055.0
2022/5/11,18.27,18.59,17.95,17.98,2568351.0
2022/5/12,17.97,18.26,17.77,18.19,2106668.0
2022/5/13,18.36,18.36,17.92,18.16,1298200.0
2022/5/16,18.08,18.25,17.95,18.09,1634749.0
2022/5/17,18.07,18.12,17.64,17.95,1450969.0
2022/5/18,18.02,18.26,17.95,18.0,1512400.0
2022/5/19,17.67,18.26,17.66,18.24,1747433.0
2022/5/20,18.4,18.57,18.21,18.4,1524898.0
2022/5/23,18.55,18.74,18.31,18.61,1454504.0
2022/5/24,18.64,18.68,17.76,17.79,1686100.0
2022/5/25,17.84,18.5,17.8,18.36,1383202.0
2022/5/26,18.63,18.95,18.22,18.84,2217467.0
2022/5/27,18.85,19.09,18.49,18.74,1746339.0
2022/5/30,18.77,18.83,18.53,18.71,1229500.0
2022/5/31,18.61,19.0,18.52,18.95,1928013.0
2022/6/1,18.96,19.23,18.86,19.08,1956900.0
2022/6/2,18.97,19.13,18.73,19.05,1531400.0
2022/6/6,18.96,19.4,18.91,19.27,1985349.0
2022/6/7,19.26,19.47,18.97,19.18,1540681.0
2022/6/8,19.94,20.25,19.1,19.36,4126619.0
2022/6/9,19.23,19.37,18.74,18.94,2289651.0
2022/6/10,18.82,19.47,18.78,19.3,2663000.0
2022/6/13,19.05,19.27,18.79,19.17,1481781.0
2022/6/14,18.97,19.13,18.34,19.13,1943269.0
2022/6/15,19.14,19.67,18.98,19.32,2827881.0
2022/6/16,19.23,20.23,19.16,19.84,4330300.0
2022/6/17,19.96,20.14,19.32,19.59,2875931.0
2022/6/20,19.59,19.88,19.42,19.68,1838228.0
2022/6/21,19.44,20.08,19.44,19.92,2879286.0
2022/6/22,19.92,19.93,19.34,19.43,2856549.0
2022/6/23,19.37,19.37,18.87,19.33,2298500.0
2022/6/24,19.19,19.48,19.15,19.34,1850200.0
2022/6/27,19.46,20.23,19.46,19.93,3357999.0
2022/6/28,19.79,19.86,19.57,19.85,1962103.0
2022/6/29,19.85,20.09,19.43,19.45,2288774.0
2022/6/30,19.46,19.69,19.44,19.48,1431331.0
2022/7/1,19.51,19.57,19.19,19.26,1369398.0
2022/7/4,19.38,19.38,19.14,19.25,1221122.0
2022/7/5,19.23,19.34,18.65,18.85,1999366.0
2022/7/6,18.78,18.93,18.44,18.61,1326800.0
2022/7/7,18.56,18.79,18.56,18.67,938693.0
2022/7/8,18.79,19.41,18.71,19.11,1632900.0
2022/7/11,19.07,19.07,18.57,18.76,1168300.0
2022/7/12,18.78,18.79,18.4,18.45,1000432.0
2022/7/13,18.45,18.85,18.45,18.68,870483.0
2022/7/14,18.55,18.9,18.48,18.77,995438.0
2022/7/15,18.66,18.68,18.29,18.32,1084386.0
2022/7/18,18.32,18.79,18.28,18.79,1067530.0
2022/7/19,18.79,19.48,18.73,19.37,1864989.0
2022/7/20,19.67,20.29,19.38,19.49,2431533.0
2022/7/21,19.49,20.55,19.39,19.98,4188665.0
2022/7/22,19.89,20.04,19.29,19.45,2331774.0
2022/7/25,19.64,19.64,19.05,19.22,1262670.0
2022/7/26,19.29,19.51,19.11,19.49,1055660.0
2022/7/27,19.35,19.61,19.24,19.33,977500.0
2022/7/28,19.43,19.63,19.35,19.47,1204100.0
2022/7/29,19.46,19.55,19.17,19.17,1118503.0
2022/8/1,19.18,19.49,19.02,19.45,1006612.0
2022/8/2,19.64,19.64,18.54,18.69,1943025.0
2022/8/3,18.57,18.95,18.41,18.48,1220400.0
2022/8/4,18.56,18.91,18.52,18.88,925700.0
2022/8/5,18.92,19.48,18.86,19.48,1582202.0
2022/8/8,19.43,19.62,19.26,19.54,995600.0
2022/8/9,19.55,19.55,19.22,19.4,928400.0
2022/8/10,19.29,19.42,19.23,19.31,768300.0
2022/8/11,19.54,20.0,19.33,19.83,2209595.0
2022/8/12,19.83,20.15,19.64,20.05,2430832.0
2022/8/15,20.08,20.08,19.58,19.61,1519195.0
2022/8/16,19.83,19.93,19.47,19.63,985681.0
2022/8/17,19.71,20.01,19.54,19.92,1327500.0
2022/8/18,19.91,19.91,19.44,19.67,1168334.0
2022/8/19,19.64,20.56,19.48,19.78,3211120.0
2022/8/22,19.6,20.29,19.32,20.07,2414835.0
2022/8/23,20.15,20.15,19.78,19.98,1337400.0
2022/8/24,20.1,20.15,19.47,19.59,1496042.0
2022/8/25,19.57,19.73,19.06,19.53,1304200.0
2022/8/26,19.72,19.8,19.36,19.41,905381.0
2022/8/29,19.16,19.5,18.93,19.39,875700.0
2022/8/30,19.33,19.97,19.32,19.83,1289090.0
2022/8/31,19.64,21.74,19.62,20.49,6718778.0
2022/9/1,20.3,20.83,19.86,20.61,6304149.0
2022/9/2,20.39,20.94,20.2,20.47,4421176.0
2022/9/5,20.47,20.62,20.04,20.28,2746523.0
2022/9/6,20.2,20.27,19.67,20.17,2632300.0
2022/9/7,20.05,20.25,19.75,19.8,2009669.0
2022/9/8,19.96,19.96,19.65,19.71,1278103.0
2022/9/9,19.72,19.88,19.48,19.79,1248670.0
2022/9/13,19.81,20.08,19.49,19.71,1595466.0
2022/9/14,19.26,19.64,19.22,19.41,1239060.0
2022/9/15,19.41,19.61,18.77,19.04,1820366.0
2022/9/16,18.93,19.19,18.44,18.47,1573029.0
2022/9/19,18.37,18.46,17.58,17.8,1639231.0
2022/9/20,17.92,18.14,17.73,17.87,919202.0
2022/9/21,17.7,18.05,17.43,18.02,836233.0
2022/9/22,17.89,18.16,17.78,17.99,705599.0
2022/9/23,18.17,18.43,17.7,17.94,1040691.0
2022/9/26,17.78,18.08,17.55,17.68,681595.0
2022/9/27,17.49,18.04,17.49,18.04,692384.0
2022/9/28,17.9,18.08,17.67,17.67,623633.0
2022/9/29,17.94,18.76,17.72,18.5,1940070.0
2022/9/30,18.37,19.81,18.37,19.07,2664228.0
2022/10/10,19.07,19.07,18.42,18.56,1235895.0
2022/10/11,18.57,18.66,17.9,18.14,1018000.0
2022/10/12,18.14,18.69,17.89,18.65,913718.0
2022/10/13,18.64,18.95,18.31,18.68,1073026.0
2022/10/14,18.76,19.12,18.66,18.88,941500.0
2022/10/17,18.78,19.12,18.67,19.02,1276303.0
2022/10/18,19.12,19.16,18.76,18.81,1049952.0
2022/10/19,18.73,18.85,18.54,18.65,828408.0
2022/10/20,18.57,18.95,18.45,18.79,1049527.0
2022/10/21,18.85,18.89,18.47,18.5,834000.0
2022/10/24,18.57,18.81,17.97,18.02,1160400.0
2022/10/25,18.0,18.35,17.83,18.05,605784.0
2022/10/26,18.05,18.79,18.03,18.6,1424000.0
2022/10/27,18.8,19.52,18.61,19.11,2703672.0
2022/10/28,18.98,19.03,18.33,18.38,1492808.0
2022/10/31,18.5,19.33,18.31,19.19,1886692.0
2022/11/1,19.2,19.4,19.05,19.33,1294156.0
2022/11/2,19.76,20.08,19.34,19.42,3222960.0
2022/11/3,19.23,19.48,19.15,19.32,1577306.0
2022/11/4,19.16,19.41,19.1,19.39,1468400.0
2022/11/7,19.39,19.95,19.34,19.81,1956290.0
2022/11/8,19.79,19.94,19.6,19.82,1358115.0
2022/11/9,19.81,19.89,19.56,19.58,1016400.0
2022/11/10,19.54,20.66,19.39,20.3,3734717.0
2022/11/11,20.44,20.68,20.03,20.08,2296300.0
2022/11/14,20.11,20.39,19.95,20.08,1586460.0
2022/11/15,20.04,20.42,20.01,20.14,1630485.0
2022/11/16,20.15,20.46,20.15,20.24,1610800.0
2022/11/17,21.94,22.01,20.64,21.35,9219841.0
2022/11/18,21.37,22.66,21.05,21.3,9541582.0
2022/11/21,21.06,21.4,20.69,20.77,4235045.0
2022/11/22,20.73,21.22,20.4,20.45,3096990.0
2022/11/23,20.57,20.65,19.81,20.14,2569154.0
2022/11/24,20.12,20.26,19.68,19.77,1858360.0
2022/11/25,19.75,19.92,19.63,19.7,1202160.0
2022/11/28,19.45,19.89,19.31,19.83,1629969.0
2022/11/29,19.81,20.08,19.72,19.95,1871000.0
2022/11/30,19.87,20.23,19.74,19.96,1538600.0
2022/12/1,20.03,20.36,19.99,20.19,1571869.0
2022/12/2,20.13,20.44,20.08,20.16,1630400.0
2022/12/5,20.2,20.4,20.05,20.26,1354777.0
2022/12/6,20.23,20.3,20.01,20.05,1443841.0
2022/12/7,20.0,20.28,19.85,20.18,1665277.0
2022/12/8,20.1,20.21,19.81,20.08,1404633.0
2022/12/9,20.2,20.37,19.81,20.05,1129836.0
2022/12/12,19.97,20.2,19.88,19.88,944472.0
2022/12/13,19.81,20.4,19.72,19.89,1773604.0
2022/12/14,19.87,20.3,19.73,20.09,1304811.0
2022/12/15,20.04,20.3,19.92,19.94,1677100.0
2022/12/16,19.79,19.81,19.49,19.51,1180600.0
2022/12/19,19.79,20.16,19.4,20.0,1882300.0
2022/12/20,19.72,19.89,19.51,19.75,1081300.0
2022/12/21,19.98,19.98,19.54,19.91,1083100.0
2022/12/22,20.0,20.38,19.73,19.87,1936025.0
2022/12/23,19.51,20.08,19.49,19.99,1147315.0
2022/12/26,20.16,20.16,19.93,20.01,915500.0
2022/12/27,20.06,20.75,19.92,20.43,1876477.0
2022/12/28,20.47,20.85,20.23,20.78,2789968.0
2022/12/29,20.89,21.23,20.06,20.2,3598572.0
2022/12/30,20.11,21.29,20.05,21.04,5673015.0
2023/1/3,21.04,21.52,20.78,21.33,3329709.0
2023/1/4,21.32,21.8,21.16,21.58,4194834.0
2023/1/5,21.52,21.92,21.32,21.41,3109143.0
2023/1/6,21.32,21.64,21.06,21.45,2712128.0
2023/1/9,21.33,22.1,21.33,21.74,2359894.0
2023/1/10,21.69,22.12,21.5,21.8,1640201.0
2023/1/11,21.8,21.97,21.37,21.42,1679234.0
2023/1/12,21.43,21.67,21.39,21.43,1381457.0
2023/1/13,21.6,21.6,21.18,21.54,1418004.0
2023/1/16,21.52,21.93,21.51,21.71,1417100.0
2023/1/17,21.75,21.93,21.53,21.75,1012500.0
2023/1/18,21.76,22.65,21.75,22.04,2884300.0
2023/1/19,22.01,22.01,21.55,21.99,1652600.0
2023/1/20,21.89,22.19,21.74,21.97,1595526.0
2023/1/30,22.3,22.38,21.96,21.99,1765669.0
2023/1/31,21.93,22.09,21.7,22.05,1154700.0
2023/2/1,22.05,22.93,22.03,22.89,2612600.0
2023/2/2,22.94,24.04,22.66,23.5,3880447.0
2023/2/3,23.5,24.03,23.23,23.84,3021000.0
2023/2/6,23.58,24.04,23.28,23.4,2799247.0
2023/2/7,23.55,23.91,23.17,23.7,2349538.0
2023/2/8,23.7,23.73,23.28,23.46,1778525.0
2023/2/9,23.4,23.94,23.21,23.94,2256400.0
2023/2/10,23.8,24.52,23.71,24.01,2651000.0
2023/2/13,24.04,24.96,23.96,24.84,3541225.0
2023/2/14,24.94,24.96,24.55,24.77,2056638.0
2023/2/15,24.84,25.97,24.77,25.77,3683600.0
2023/2/16,25.68,26.26,24.6,24.87,5083976.0
2023/2/17,24.91,25.3,24.4,24.45,3438563.0
2023/2/20,24.52,25.17,24.45,25.11,3939500.0
2023/2/21,25.15,25.15,24.05,24.33,4031816.0
2023/2/22,24.25,24.58,23.99,24.32,2067142.0
2023/2/23,24.34,24.42,23.82,24.04,2288451.0
2023/2/24,24.04,24.76,23.91,24.26,2095400.0
2023/2/27,24.19,24.39,23.72,23.8,1648200.0
2023/2/28,23.95,24.23,23.73,24.04,1631162.0
2023/3/1,23.93,24.47,23.83,24.43,2340200.0
2023/3/2,24.42,24.75,24.06,24.64,2248569.0
2023/3/3,24.62,24.77,24.07,24.25,1684251.0
2023/3/6,24.26,24.59,24.12,24.21,2191500.0
2023/3/7,24.11,24.34,23.56,23.61,2336500.0
2023/3/8,23.55,24.13,23.37,24.01,1859000.0
2023/3/9,24.14,24.31,23.73,24.11,1572164.0
2023/3/10,24.11,24.53,23.81,24.09,2071400.0
2023/3/13,24.05,24.82,23.86,24.72,2607800.0
2023/3/14,24.72,25.06,24.19,24.43,1920348.0
2023/3/15,24.6,24.78,24.28,24.34,1095931.0
2023/3/16,24.14,24.62,23.85,24.33,1480547.0
2023/3/17,24.5,25.7,24.33,25.45,3707384.0
2023/3/20,25.01,25.85,24.84,25.19,4804200.0
2023/3/21,25.19,26.11,24.87,25.81,3840461.0
2023/3/22,25.88,26.39,25.59,26.39,3909720.0
2023/3/23,26.39,26.72,26.13,26.45,3703258.0
2023/3/24,26.32,27.61,26.17,27.22,5501770.0
2023/3/27,27.2,27.76,26.63,27.26,5467000.0
2023/3/28,27.26,27.7,26.69,26.94,3631100.0
2023/3/29,27.22,27.5,26.65,27.06,3043100.0
2023/3/30,27.07,27.51,26.7,26.92,2475571.0
2023/3/31,26.4,27.43,26.19,27.36,4825343.0
2023/4/3,27.37,28.84,27.09,28.64,7631408.0
2023/4/4,28.57,29.05,27.83,28.1,5068219.0
2023/4/6,27.86,28.07,27.17,27.3,3100102.0
2023/4/7,27.5,30.03,27.11,30.03,8089696.0
2023/4/10,31.64,33.03,31.26,31.26,18667493.0
2023/4/11,31.2,34.39,31.06,34.39,15073301.0
2023/4/12,35.47,37.83,33.89,37.61,19534028.0
2023/4/13,35.88,39.32,35.4,36.56,18394028.0
2023/4/14,36.36,39.03,35.26,38.76,17782232.0
2023/4/17,37.47,39.4,36.27,37.13,13066345.0
2023/4/18,36.57,39.31,34.71,38.67,12963364.0
2023/4/19,39.44,42.53,39.44,42.53,6792344.0
2023/4/20,43.86,46.76,41.67,45.92,14487742.0
2023/4/21,46.65,49.05,46.05,46.46,14141315.0
2023/4/24,45.21,51.1,44.9,51.1,12923447.0
2023/4/25,52.9,55.46,49.83,52.62,19468270.0
2023/4/26,50.49,52.89,47.36,49.15,22117558.0
2023/4/27,46.17,47.3,44.24,44.24,13513401.0
2023/4/28,42.74,48.46,42.74,47.03,19127057.0
2023/5/4,47.6,49.42,44.53,47.88,16530458.0
2023/5/5,46.28,46.67,43.48,45.21,13104434.0
2023/5/8,44.47,44.82,42.16,43.76,12005266.0
2023/5/9,42.91,45.06,42.53,43.77,10991606.0
2023/5/10,43.66,44.49,40.4,42.05,11580679.0
2023/5/11,42.15,46.26,41.99,44.63,16722651.0
2023/5/12,44.25,44.25,41.79,42.13,10645691.0
2023/5/15,41.63,43.02,40.25,41.81,10890036.0
2023/5/16,41.19,44.02,41.01,41.51,8895047.0
2023/5/17,40.4,43.48,40.4,42.11,7625033.0
2023/5/18,41.5,44.88,40.4,43.66,13109178.0
2023/5/19,43.86,45.98,42.96,43.74,10415000.0
2023/5/22,42.8,44.88,40.94,42.95,10106049.0
2023/5/23,43.64,47.25,42.61,43.98,18186080.0
2023/5/24,43.83,48.37,42.9,48.37,22383511.0
2023/5/25,47.61,49.39,43.53,43.58,24888928.0
2023/5/26,41.36,43.57,39.55,41.85,17243261.0
2023/5/29,41.89,45.98,41.38,42.99,17384053.0
2023/5/30,41.94,45.01,39.66,44.53,16419813.0
2023/5/31,44.53,48.99,44.05,47.84,22463932.0
2023/6/1,46.99,50.59,46.41,49.91,18794382.0
2023/6/2,49.71,49.97,46.65,46.91,15062887.0
2023/6/5,46.69,47.78,45.26,47.45,11476938.0
2023/6/6,46.52,47.74,43.86,44.69,12189903.0
2023/6/7,43.76,44.92,42.81,44.66,7278500.0
2023/6/8,44.37,44.53,41.82,43.22,8107429.0
2023/6/9,43.16,47.53,42.8,47.53,15223583.0
2023/6/12,47.78,48.04,46.27,47.19,11606614.0
2023/6/13,47.13,49.97,46.84,48.55,14034415.0
2023/6/14,49.39,52.13,48.67,50.69,14227003.0
2023/6/15,50.22,54.82,49.14,51.04,13724260.0
2023/6/16,50.59,50.8,47.36,49.67,14004735.0
2023/6/19,48.64,50.29,48.22,49.14,10877403.0
2023/6/20,49.16,52.56,48.52,51.94,15057715.0
2023/6/21,50.42,51.67,46.74,46.74,10880875.0
2023/6/26,44.4,46.4,42.3,42.7,10675004.0
2023/6/27,42.36,43.96,41.45,42.91,7826615.0
2023/6/28,42.06,43.59,40.54,42.49,8163404.0
2023/6/29,41.93,43.9,41.58,43.51,7666332.0
2023/6/30,43.03,43.84,41.52,41.53,7553108.0
2023/7/3,41.23,41.64,37.38,37.38,9916968.0
2023/7/4,37.4,37.4,35.76,36.87,12158970.0
2023/7/5,36.88,37.2,36.15,36.16,6036857.0
2023/7/6,36.17,37.05,35.89,35.9,6647500.0
2023/7/7,35.87,36.34,34.78,35.94,6967300.0
2023/7/10,35.74,36.52,35.46,36.42,5317800.0
2023/7/11,36.47,37.02,35.57,36.21,4694331.0
2023/7/12,36.2,36.51,35.34,35.34,5146547.0
2023/7/13,35.35,36.14,35.09,35.63,6134151.0
2023/7/14,35.66,37.14,35.53,36.67,10281504.0
2023/7/17,36.29,36.29,35.13,35.33,5764338.0
2023/7/18,35.21,35.61,34.45,34.6,6339904.0
2023/7/19,34.68,35.31,34.49,34.65,4291641.0
2023/7/20,34.85,35.0,33.21,33.46,7305645.0
2023/7/21,33.53,34.43,33.34,33.58,5354143.0
2023/7/24,33.77,34.5,33.38,33.65,3898100.0
2023/7/25,34.37,34.45,33.35,33.93,4788900.0
2023/7/26,34.03,34.03,32.78,33.13,4752782.0
2023/7/27,33.03,33.43,32.63,32.77,3455100.0
2023/7/28,32.66,32.89,32.24,32.41,3468700.0
2023/7/31,32.63,33.85,32.11,33.46,6200609.0
2023/8/1,33.19,33.86,32.92,33.62,3942700.0
2023/8/2,33.45,33.6,32.93,33.12,2864734.0
2023/8/3,33.02,33.57,32.67,32.77,2524438.0
2023/8/4,32.82,33.95,32.78,33.78,4269400.0
2023/8/7,33.81,35.29,33.79,34.06,8704700.0
2023/8/8,33.68,34.42,33.41,33.51,4349400.0
2023/8/9,33.32,33.55,32.15,32.34,4644252.0
2023/8/10,32.21,32.89,31.93,32.14,3387728.0
2023/8/11,32.03,33.02,31.64,31.65,4343662.0
2023/8/14,31.68,32.69,31.32,32.58,6212009.0
2023/8/15,32.41,32.58,31.7,31.88,3312736.0
2023/8/16,31.9,32.12,30.98,31.04,3511342.0
2023/8/17,30.91,31.96,30.77,31.6,3748783.0
2023/8/18,31.54,31.84,30.53,30.61,2894600.0
2023/8/21,30.18,31.85,30.18,30.63,4003962.0
2023/8/22,30.84,31.72,30.46,31.38,6022837.0
2023/8/23,31.29,31.29,30.14,30.17,4009300.0
2023/8/24,30.44,31.93,30.44,31.29,6512122.0
2023/8/25,31.16,31.16,29.68,29.93,5070622.0
2023/8/28,31.26,31.47,29.85,30.0,4506000.0
2023/8/29,30.1,31.7,30.05,31.49,6573600.0
2023/8/30,31.46,32.25,31.19,32.09,5545101.0
2023/8/31,31.61,34.16,31.1,32.42,12624109.0
2023/9/1,32.1,35.32,31.21,34.19,19931749.0
2023/9/4,33.51,35.25,33.32,34.8,22537538.0
2023/9/5,34.29,38.27,33.83,37.14,29973700.0
2023/9/6,36.28,36.58,35.22,36.13,22153927.0
2023/9/7,37.67,39.74,36.06,36.71,34226708.0
2023/9/8,34.68,35.45,33.04,33.07,28954786.0
2023/9/11,32.24,32.99,31.52,31.85,17186533.0
2023/9/12,31.56,31.64,30.19,30.24,14415596.0
2023/9/13,29.89,30.86,29.6,30.41,10581975.0
2023/9/14,30.28,30.32,28.37,28.46,14015911.0
2023/9/15,28.33,28.8,27.94,28.22,6713492.0
2023/9/18,28.14,29.67,28.02,28.92,9720970.0
2023/9/19,28.67,29.36,28.51,28.66,6747000.0
2023/9/20,28.49,28.87,27.65,27.69,7909518.0
2023/9/21,27.55,27.69,27.05,27.3,6285547.0
2023/9/22,27.11,29.09,27.06,28.43,13335280.0
2023/9/25,28.3,28.61,27.51,27.65,8280600.0
2023/9/26,27.63,28.33,27.59,27.69,8115100.0
2023/9/27,27.55,27.78,27.23,27.23,7231986.0
2023/9/28,27.22,27.59,26.85,26.95,6676335.0
2023/10/9,26.86,26.88,25.75,26.1,8590122.0
2023/10/10,26.45,26.47,25.79,26.1,5334600.0
2023/10/11,25.91,26.61,25.7,26.28,5654100.0
2023/10/12,26.33,26.42,25.63,25.78,5459000.0
2023/10/13,25.73,25.82,25.13,25.2,4869500.0
2023/10/16,25.2,25.39,24.46,24.69,4873760.0
2023/10/17,24.77,24.91,24.23,24.45,3738528.0
2023/10/18,24.33,24.42,23.82,23.88,4593200.0
2023/10/19,23.69,24.47,23.69,24.0,5270000.0
2023/10/20,23.91,24.31,23.42,23.46,3579600.0
2023/10/23,23.47,23.59,22.74,22.86,3897100.0
2023/10/24,23.0,23.66,22.93,23.39,4335660.0
2023/10/25,23.6,23.93,23.27,23.29,3769800.0
2023/10/26,23.17,23.26,22.89,23.09,3168662.0
2023/10/27,23.32,23.63,22.9,23.6,4557790.0
2023/10/30,23.4,24.07,23.39,23.91,4376257.0
2023/10/31,23.84,24.23,23.45,23.59,4426900.0
2023/11/1,23.59,24.62,23.42,23.74,7335732.0
2023/11/2,23.73,24.89,23.64,24.34,13401584.0
2023/11/3,24.06,24.72,23.54,24.55,9880890.0
2023/11/6,24.51,26.18,24.46,25.84,11507597.0
2023/11/7,25.94,26.14,25.22,26.0,9414500.0
2023/11/8,25.89,26.93,25.65,26.58,13241100.0
2023/11/9,26.86,27.27,26.0,26.08,9686200.0
2023/11/10,25.97,26.26,25.52,25.76,6155100.0
2023/11/13,25.84,26.21,25.73,25.9,4972600.0
2023/11/14,25.7,26.06,25.69,25.89,4895500.0
2023/11/15,25.96,26.14,25.4,25.48,6147100.0
2023/11/16,25.4,25.74,25.31,25.4,4061700.0
2023/11/17,25.39,25.67,25.24,25.5,3779100.0
2023/11/20,25.53,25.88,25.22,25.76,4585900.0
2023/11/21,25.8,26.03,25.55,25.62,4226000.0
2023/11/22,25.44,26.0,25.4,25.53,4284500.0
2023/11/23,25.41,25.54,24.94,25.34,3699100.0
2023/11/24,25.34,25.58,24.6,24.73,4333090.0
2023/11/27,24.47,25.21,24.45,24.51,4554200.0
2023/11/28,24.53,24.67,24.11,24.59,2829600.0
2023/11/29,24.49,24.57,24.11,24.14,2560600.0
2023/11/30,24.31,24.37,23.65,23.83,2597600.0
2023/12/1,23.87,25.64,23.87,25.48,8827812.0
2023/12/4,25.4,25.81,25.31,25.51,6318300.0
2023/12/5,25.4,25.44,24.36,24.38,4506000.0
2023/12/6,24.27,26.18,23.83,25.28,7994243.0
2023/12/7,25.39,26.99,25.39,26.3,14702634.0
2023/12/8,26.37,27.6,25.81,25.98,16712844.0
2023/12/11,25.98,26.74,25.48,26.62,14629743.0
2023/12/12,26.76,27.08,26.31,26.54,13169605.0
2023/12/13,26.38,26.69,25.98,26.05,7933950.0
2023/12/14,26.14,26.47,25.94,25.98,5715200.0
2023/12/15,26.14,26.44,25.5,26.07,6306425.0
2023/12/18,26.09,26.25,25.15,25.25,5754500.0
2023/12/19,25.02,25.72,24.99,25.51,4642183.0
2023/12/20,25.47,25.71,24.42,24.64,4467800.0
2023/12/21,24.33,25.21,24.23,25.01,5149357.0
2023/12/22,24.96,25.07,22.51,22.51,6145500.0
2023/12/25,21.49,21.49,20.26,21.05,15019060.0
2023/12/26,21.28,22.42,20.93,21.29,9480100.0
2023/12/27,21.69,22.33,21.28,21.3,6545400.0
2023/12/28,21.18,21.88,20.69,21.77,6069734.0
2023/12/29,21.67,22.7,21.67,22.45,5118486.0
2024/1/2,22.58,23.1,22.42,22.48,5656860.0
2024/1/3,22.47,23.45,22.16,22.9,6276117.0
2024/1/4,22.81,23.05,22.33,22.77,4059467.0
2024/1/5,22.71,22.75,22.27,22.39,2992200.0
2024/1/8,22.49,22.49,21.87,21.95,3376900.0
2024/1/9,21.88,22.38,21.64,21.86,3248000.0
2024/1/10,21.69,21.89,21.33,21.41,3252100.0
2024/1/11,21.3,22.13,21.23,22.05,3648400.0
2024/1/12,21.83,22.15,21.54,21.57,2184300.0
2024/1/15,21.49,21.71,21.15,21.42,2213260.0
2024/1/16,21.4,21.44,20.83,21.16,2168200.0
2024/1/17,21.16,21.24,20.58,20.6,2632200.0
2024/1/18,20.48,20.91,19.97,20.54,4092000.0
2024/1/19,20.59,21.57,20.59,20.89,5983626.0
2024/1/22,20.84,21.04,19.09,19.2,5082800.0
2024/1/23,19.11,20.18,19.09,20.03,5113836.0
2024/1/24,19.95,20.2,19.36,20.04,3997682.0
2024/1/25,19.95,20.81,19.57,20.75,4728400.0
2024/1/26,20.8,21.59,20.53,20.83,5512162.0
2024/1/29,20.79,20.82,19.96,19.97,4040362.0
2024/1/30,19.5,19.8,18.83,18.89,4579700.0
2024/1/31,18.81,19.01,17.81,17.82,4746203.0
2024/2/1,17.68,18.34,17.3,17.79,5063803.0
2024/2/2,17.62,18.42,16.28,16.83,5428000.0
2024/2/5,16.66,16.97,15.15,15.15,5682700.0
2024/2/6,13.87,15.18,13.64,14.68,9909775.0
2024/2/7,14.56,14.59,13.4,13.64,12250375.0
2024/2/8,13.76,15.01,13.39,15.01,10841456.0
2024/2/19,15.61,16.51,15.61,16.51,2569949.0
2024/2/20,17.27,18.16,16.41,18.16,12346676.0
2024/2/21,17.68,19.4,17.0,18.0,25125030.0
2024/2/22,17.88,18.38,17.64,18.2,17026704.0
2024/2/23,18.16,19.35,18.14,19.25,18304734.0
2024/2/26,18.88,19.63,18.58,19.15,13296158.0
2024/2/27,19.0,21.06,18.82,20.51,18211494.0
2024/2/28,20.91,21.65,18.86,18.9,23589991.0
2024/2/29,18.41,20.01,18.41,19.73,13285919.0
2024/3/1,19.73,20.06,19.35,19.99,11802678.0
2024/3/4,19.83,19.99,19.29,19.94,8563769.0
2024/3/5,19.8,19.83,19.32,19.39,7053550.0
2024/3/6,19.31,19.93,19.29,19.51,6373291.0
2024/3/7,19.51,19.66,18.67,18.7,6505874.0
2024/3/8,18.74,19.33,18.74,19.27,6012921.0
2024/3/11,18.93,19.92,18.92,19.92,7518159.0
2024/3/12,20.18,20.51,19.75,20.03,8368279.0
2024/3/13,20.29,21.49,20.07,20.93,19351079.0
2024/3/14,20.51,20.58,19.75,20.22,12653400.0
2024/3/15,20.13,20.21,19.73,20.08,6265700.0
2024/3/18,20.17,21.3,19.95,20.86,12662502.0
2024/3/19,20.91,21.57,20.77,20.98,13188188.0
2024/3/20,20.95,21.47,20.81,21.29,10611802.0
2024/3/21,21.53,22.38,21.45,21.48,15686050.0
2024/3/22,21.59,21.82,20.76,21.56,11858644.0
2024/3/25,21.74,22.25,20.65,20.68,10469635.0
2024/3/26,20.52,20.9,19.54,20.15,9255200.0
2024/3/27,19.98,20.2,18.96,18.96,6191718.0
2024/3/28,18.85,20.13,18.78,19.9,6140564.0
2024/3/29,19.56,19.69,18.55,18.86,7419350.0
2024/4/1,18.93,19.82,18.86,19.81,6647600.0
2024/4/2,19.78,19.79,18.67,18.88,8318810.0
2024/4/3,18.79,18.84,17.81,17.88,7248000.0
2024/4/8,17.86,17.86,17.27,17.4,4467264.0
2024/4/9,17.61,19.14,17.5,18.62,11667310.0
2024/4/10,18.7,18.82,17.34,17.54,9393015.0
2024/4/11,17.23,17.96,17.16,17.54,5900635.0
2024/4/12,17.42,17.61,17.09,17.12,4434442.0
2024/4/15,17.15,17.29,16.07,16.43,5579432.0
2024/4/16,16.21,16.63,15.18,15.21,5671191.0
2024/4/17,15.62,16.56,15.62,16.41,6409800.0
2024/4/18,16.22,16.64,15.81,16.25,5641800.0
2024/4/19,16.15,16.16,15.72,15.91,3451400.0
2024/4/22,15.73,16.16,15.39,15.91,3428300.0
2024/4/23,15.94,16.36,15.94,16.22,3621818.0
2024/4/24,16.23,16.59,16.12,16.57,4342518.0
2024/4/25,16.48,16.69,16.34,16.45,2952300.0
2024/4/26,16.5,17.02,16.45,16.88,4238200.0
2024/4/29,17.3,18.27,17.29,18.1,7585300.0
2024/4/30,18.16,18.27,17.73,18.11,5280527.0
2024/5/6,18.56,18.58,18.25,18.38,4355252.0
2024/5/7,18.5,18.81,18.38,18.6,4023500.0
2024/5/8,18.5,18.56,17.97,18.06,3815550.0
2024/5/9,17.96,18.44,17.96,18.32,2882952.0
2024/5/10,18.36,18.54,17.98,18.08,2509150.0
2024/5/13,17.93,17.97,17.49,17.6,2376150.0
2024/5/14,18.37,18.74,18.11,18.37,7803072.0
2024/5/15,18.51,19.32,17.96,17.96,9654350.0
2024/5/16,18.08,18.34,17.66,17.88,5955750.0
2024/5/17,17.79,18.05,17.58,17.96,3625900.0
2024/5/20,17.88,18.22,17.63,18.02,3437500.0
2024/5/21,18.23,18.38,17.9,18.08,4071048.0
2024/5/22,17.99,18.15,17.84,18.13,2752700.0
2024/5/23,17.98,18.09,17.72,17.79,2654700.0
2024/5/24,17.79,17.9,17.46,17.5,2348623.0
2024/5/27,17.57,17.65,17.14,17.54,2431523.0
2024/5/28,17.54,17.54,17.14,17.16,1956100.0
2024/5/29,17.01,17.58,17.01,17.32,2279304.0
2024/5/30,17.26,17.41,17.01,17.14,1926900.0
2024/5/31,17.15,17.71,17.15,17.53,2810700.0
2024/6/3,17.65,17.66,16.94,17.11,2788181.0
2024/6/4,17.04,17.23,16.79,17.19,2657400.0
2024/6/5,17.0,17.09,16.71,16.76,2647968.0
2024/6/6,16.68,16.93,15.96,16.13,3330950.0
2024/6/7,16.4,16.53,16.07,16.44,2408138.0
2024/6/11,16.27,16.62,16.01,16.57,2533200.0
2024/6/12,16.57,17.12,16.46,17.09,2948000.0
2024/6/13,16.99,17.23,16.89,16.95,1809500.0
2024/6/14,16.93,17.12,16.85,17.11,2086852.0
2024/6/17,17.44,17.44,16.66,16.73,3207644.0
2024/6/18,16.87,16.91,16.6,16.78,1953808.0
2024/6/19,16.83,16.89,16.5,16.52,1801700.0
2024/6/20,16.44,16.58,16.04,16.08,2026000.0
2024/6/21,16.03,16.15,15.72,15.76,2047500.0
2024/6/24,15.73,15.73,15.16,15.24,2709000.0
2024/6/25,15.33,15.46,14.98,15.13,2400100.0
2024/6/26,15.14,16.33,15.14,16.31,5176670.0
2024/6/27,15.9,16.53,15.87,16.23,4863650.0
2024/6/28,16.04,16.42,15.89,15.95,3605200.0
2024/7/1,15.98,16.06,15.53,16.01,2844900.0
2024/7/2,15.88,16.47,15.88,16.27,3334000.0
2024/7/3,16.29,16.35,15.91,16.03,2313200.0
2024/7/4,16.07,16.13,15.42,15.48,2242400.0
2024/7/5,15.49,15.86,15.23,15.77,2105800.0
2024/7/8,15.66,15.69,15.16,15.19,2392600.0
2024/7/9,15.2,15.59,14.84,15.48,3003600.0
2024/7/10,15.32,15.61,15.15,15.19,2084600.0
2024/7/11,15.42,15.66,15.31,15.63,2416768.0
2024/7/12,15.54,15.83,15.31,15.31,2864000.0
2024/7/15,15.53,15.58,15.09,15.18,3118800.0
2024/7/16,15.14,15.44,14.9,15.22,3004000.0
2024/7/17,15.2,16.74,15.07,15.85,11311294.0
2024/7/18,15.31,15.75,14.89,15.54,10329373.0
2024/7/19,15.33,15.96,15.24,15.81,8043364.0
2024/7/22,15.72,16.06,15.42,16.04,6659073.0
2024/7/23,16.01,16.08,15.29,15.31,7018000.0
2024/7/24,15.31,15.49,14.7,14.82,6418600.0
2024/7/25,14.76,15.24,14.44,15.02,4459510.0
2024/7/26,15.01,15.44,14.9,15.29,3698178.0
2024/7/29,15.29,15.61,14.95,15.33,3989099.0
2024/7/30,15.3,15.47,15.17,15.27,2896799.0
2024/7/31,15.16,15.9,15.14,15.83,5493099.0
2024/8/1,15.79,15.9,15.57,15.6,3971800.0
2024/8/2,15.46,15.7,15.23,15.27,3396609.0
2024/8/5,15.27,16.25,15.16,15.16,8466478.0
2024/8/6,15.41,16.25,15.31,15.91,10502500.0
2024/8/7,15.71,16.2,15.65,16.0,7053300.0
2024/8/8,15.95,15.95,15.42,15.73,4719500.0
2024/8/9,15.73,15.83,15.28,15.31,4548900.0
2024/8/12,15.14,15.31,14.84,15.02,3586600.0
2024/8/13,14.97,15.12,14.8,15.02,3012221.0
2024/8/14,15.01,15.69,14.98,15.41,5041100.0
2024/8/15,15.25,16.46,15.12,16.02,9447499.0
2024/8/16,15.89,16.15,15.82,15.97,6009000.0
2024/8/19,16.05,16.26,15.81,16.07,5364900.0
2024/8/20,16.1,16.35,15.6,15.84,5894500.0
2024/8/21,15.95,16.55,15.65,15.74,7980052.0
2024/8/22,15.77,16.02,15.14,15.22,6283352.0
2024/8/23,15.16,15.27,14.89,15.02,4364900.0
2024/8/26,15.02,15.3,14.75,15.21,3703000.0
2024/8/27,15.13,15.54,14.86,14.96,4539252.0
2024/8/28,14.83,15.12,14.5,15.08,4210652.0
2024/8/29,14.9,15.28,14.84,15.18,2958600.0
2024/8/30,15.13,15.71,14.94,15.53,6553918.0
2024/9/2,15.49,16.73,15.41,15.76,11906700.0
2024/9/3,15.81,15.92,15.46,15.72,6782236.0
2024/9/4,15.49,15.72,15.34,15.43,3794899.0
2024/9/5,15.41,16.1,15.41,16.08,7730600.0
2024/9/6,15.95,16.16,15.71,15.76,4562200.0
2024/9/9,15.55,16.58,15.35,16.18,9047300.0
2024/9/10,16.29,17.14,15.85,16.95,10583456.0
2024/9/11,16.75,16.84,16.36,16.45,8262700.0
2024/9/12,16.45,16.54,16.08,16.26,6579400.0
2024/9/13,16.2,16.47,15.86,15.92,4772065.0
2024/9/18,15.87,16.1,15.49,15.83,4524141.0
2024/9/19,15.85,16.34,15.71,16.22,5517500.0
2024/9/20,16.12,16.2,15.84,15.98,3749800.0
2024/9/23,15.88,16.1,15.67,15.75,3908600.0
2024/9/24,15.84,16.38,15.63,16.38,7606418.0
2024/9/25,16.5,17.06,16.39,16.64,8959801.0
2024/9/26,16.71,17.3,16.56,17.29,8279500.0
2024/9/27,17.59,18.35,17.39,18.21,8292500.0
2024/9/30,18.87,19.89,18.37,19.8,14608724.0
2024/10/8,21.75,21.76,19.16,21.04,17636810.0
2024/10/9,20.09,20.15,18.94,18.94,12712500.0
2024/10/10,18.75,19.14,18.01,18.35,8243345.0
2024/10/11,18.18,18.26,17.39,17.59,7350878.0
2024/10/14,17.59,18.05,17.48,18.0,5178307.0
2024/10/15,17.82,18.9,17.74,18.05,8984757.0
2024/10/16,17.79,19.0,17.68,18.75,10742095.0
2024/10/17,18.79,19.05,18.5,18.59,6998900.0
2024/10/18,18.39,19.37,18.21,19.08,9407229.0
2024/10/21,19.2,20.58,19.05,19.93,13072654.0
2024/10/22,20.0,20.6,19.64,19.76,11696284.0
2024/10/23,19.6,19.83,19.39,19.47,6634620.0
2024/10/24,19.41,19.48,19.12,19.35,3991162.0
2024/10/25,19.35,19.97,19.31,19.97,6445562.0
2024/10/28,20.01,21.4,19.8,21.11,11991868.0
2024/10/29,21.34,22.0,20.7,20.71,10189300.0
2024/10/30,20.6,20.93,20.2,20.56,5770600.0
2024/10/31,20.42,20.77,20.2,20.54,7282819.0
2024/11/1,20.46,20.59,19.6,19.66,6187952.0
2024/11/4,19.63,20.46,19.56,20.2,4140095.0
2024/11/5,20.15,21.29,20.0,21.11,7526300.0
2024/11/6,21.11,22.6,21.0,22.14,11390600.0
2024/11/7,22.0,23.06,21.8,22.43,10678700.0
2024/11/8,22.5,22.95,21.7,22.45,8337588.0
2024/11/11,22.26,24.4,22.2,24.14,9937877.0
2024/11/12,24.18,24.41,23.04,23.33,8583900.0
2024/11/13,23.14,24.19,22.81,23.96,7863479.0
2024/11/14,23.79,24.68,22.56,22.68,7791694.0
2024/11/15,22.68,23.45,22.19,22.22,7065799.0
2024/11/18,22.2,22.52,20.55,20.74,7727494.0
2024/11/19,20.69,21.15,20.36,21.14,4323797.0
2024/11/20,21.15,21.89,21.1,21.71,4749794.0
2024/11/21,21.54,21.98,21.36,21.6,3892700.0
2024/11/22,21.47,22.14,20.91,20.96,5108700.0
2024/11/25,21.45,21.46,20.41,21.34,4760599.0
2024/11/26,21.34,22.0,20.81,20.91,5355607.0
2024/11/27,20.72,21.74,19.98,21.55,5954408.0
2024/11/28,21.55,22.25,21.26,21.42,5579300.0
2024/11/29,21.41,22.0,20.94,21.7,4857600.0
2024/12/2,21.71,21.99,21.67,21.78,4104800.0
2024/12/3,21.77,21.87,21.2,21.58,3182300.0
2024/12/4,21.57,21.59,20.71,20.94,4059900.0
2024/12/5,20.96,21.53,20.95,21.33,4754701.0
2024/12/6,21.32,22.09,21.06,22.05,6357904.0
2024/12/9,22.16,22.5,21.84,22.27,6654700.0
2024/12/10,22.77,23.09,22.2,22.4,6781500.0
2024/12/11,22.7,22.85,22.22,22.69,4806400.0
2024/12/12,22.77,23.02,22.46,22.9,4588000.0
2024/12/13,22.8,25.19,22.6,24.79,22599134.0
2024/12/16,24.05,24.48,23.22,23.51,18893387.0
2024/12/17,23.18,23.38,21.91,21.98,9557800.0
2024/12/18,21.96,22.63,21.56,22.38,5744555.0
2024/12/19,21.96,22.7,21.75,22.58,4492700.0
2024/12/20,22.56,23.36,22.43,22.84,5418474.0
2024/12/23,22.87,23.06,21.19,21.4,7248699.0
2024/12/24,21.56,21.85,21.0,21.43,4931700.0
2024/12/25,21.37,21.45,20.55,21.0,3583333.0
2024/12/26,20.85,21.23,20.43,20.68,4298200.0
2024/12/27,20.68,21.35,20.41,21.02,4062500.0
2024/12/30,20.9,21.15,20.49,20.9,2910400.0
2024/12/31,21.0,21.0,19.8,19.89,4311100.0
2025/1/2,19.88,20.06,19.24,19.44,4035000.0
2025/1/3,19.45,19.58,18.58,18.7,3866000.0
2025/1/6,18.7,19.74,18.25,19.21,4700299.0
2025/1/7,19.25,19.81,19.25,19.74,3050600.0
2025/1/8,19.57,19.74,19.0,19.5,2729500.0
2025/1/9,19.52,20.23,19.31,19.74,4303644.0
2025/1/10,19.69,20.8,19.55,19.68,5392900.0
2025/1/13,19.54,19.8,19.06,19.3,3710900.0
2025/1/14,19.35,20.31,19.35,20.29,4501100.0
2025/1/15,20.3,20.69,20.15,20.43,3749700.0
2025/1/16,20.66,20.95,20.2,20.7,3445700.0
2025/1/17,20.62,20.75,20.37,20.55,1988500.0
2025/1/20,20.39,20.68,19.59,20.41,4126200.0
2025/1/21,20.45,21.52,20.45,21.38,6166485.0
2025/1/22,21.18,21.46,20.8,21.36,3983527.0
2025/1/23,21.48,22.1,21.11,21.16,3963010.0
2025/1/24,21.08,21.4,20.9,21.33,3033400.0
2025/1/27,21.47,21.92,21.42,21.7,3353000.0
2025/2/5,22.0,22.68,21.76,22.34,5401500.0
2025/2/6,22.11,22.78,22.08,22.45,5282400.0
2025/2/7,22.29,22.85,21.94,22.41,5983308.0
2025/2/10,22.48,23.1,22.1,23.0,6640700.0
2025/2/11,22.77,23.03,22.53,22.75,4598200.0
2025/2/12,22.67,23.6,22.67,23.11,8713199.0
2025/2/13,22.95,23.17,22.35,22.83,5654090.0
2025/2/14,22.83,25.11,22.32,25.11,12239564.0
2025/2/17,26.35,27.62,25.8,26.01,34374578.0
2025/2/18,27.9,28.61,25.11,26.4,36760346.0
2025/2/19,24.62,26.23,24.56,26.09,24136570.0
2025/2/20,25.6,26.0,25.21,25.59,14989121.0
2025/2/21,25.4,26.7,25.0,25.83,17183206.0
2025/2/24,25.47,25.49,23.94,24.55,13965767.0
2025/2/25,23.99,25.2,23.88,24.49,7228275.0
2025/2/26,24.83,25.68,24.51,25.14,8913100.0
2025/2/27,25.18,25.64,24.15,24.66,7846180.0
2025/2/28,24.5,24.67,23.37,23.55,7239417.0
2025/3/3,23.65,25.91,23.0,24.04,16175234.0
2025/3/4,23.16,25.0,23.16,24.13,10406000.0
2025/3/5,24.25,24.57,23.76,24.15,5581834.0
2025/3/6,24.41,25.39,24.39,25.11,11325284.0
2025/3/7,25.0,25.5,24.8,25.04,6527400.0
2025/3/10,25.0,25.02,24.13,24.32,4950450.0
2025/3/11,23.98,24.48,23.85,24.09,4402800.0
2025/3/12,24.28,25.8,23.95,25.44,12565700.0
2025/3/13,25.24,25.9,24.99,25.36,9939728.0
2025/3/14,25.39,27.0,24.8,26.67,16163442.0
2025/3/17,26.9,27.33,26.02,26.12,9703500.0
2025/3/18,26.0,26.33,25.4,25.54,6970123.0
2025/3/19,25.48,25.59,24.55,24.72,6786500.0
2025/3/20,24.69,24.69,23.8,23.9,7185300.0
2025/3/21,23.73,24.01,23.35,23.41,4484680.0
2025/3/24,23.41,23.83,22.3,22.94,6368523.0
2025/3/25,22.89,22.9,22.22,22.54,4098523.0
2025/3/26,22.51,22.74,22.4,22.6,2913200.0
2025/3/27,22.58,22.65,21.98,22.22,3307681.0
2025/3/28,22.26,23.05,22.1,22.12,5395971.0
2025/3/31,22.0,22.0,21.16,21.72,5277500.0
2025/4/1,21.71,22.34,21.58,21.96,4195800.0
2025/4/2,21.88,22.5,21.81,22.18,3034071.0
2025/4/3,21.96,22.78,21.78,22.18,4543900.0
2025/4/7,20.18,20.99,19.96,19.96,3749423.0
2025/4/8,19.1,19.9,18.01,18.5,9709184.0
2025/4/9,18.01,18.8,17.02,18.61,8567600.0
2025/4/10,18.88,19.55,18.88,18.97,6630000.0
2025/4/11,18.93,19.17,18.75,18.8,4959200.0
2025/4/14,18.99,20.0,18.99,19.72,7641544.0
2025/4/15,19.72,20.68,19.62,19.95,7194244.0
2025/4/16,19.75,20.13,19.32,19.74,4339000.0
2025/4/17,19.6,20.21,19.6,19.95,3254220.0
2025/4/18,19.88,20.48,19.76,20.32,3601000.0
2025/4/21,20.3,20.62,19.88,20.58,3909300.0
2025/4/22,20.73,21.06,20.4,20.47,3504800.0
2025/4/23,20.48,21.06,20.48,20.7,3352900.0
2025/4/24,20.66,20.68,19.67,19.79,5262700.0
2025/4/25,19.76,20.3,19.68,19.92,4517145.0
2025/4/28,19.68,20.84,19.55,20.16,8550300.0
2025/4/29,20.29,20.81,20.04,20.6,4968700.0
2025/4/30,20.57,21.04,20.41,20.74,4647993.0
2025/5/6,20.98,21.75,20.85,21.54,5388300.0
2025/5/7,21.72,21.76,20.6,20.82,7310300.0
2025/5/8,20.61,21.29,20.61,21.21,4556330.0
2025/5/9,21.11,21.21,20.8,20.88,3906000.0
2025/5/12,21.01,21.14,20.74,20.97,2299900.0
2025/5/13,21.1,21.18,20.76,20.82,2207471.0
2025/5/14,20.8,20.91,20.57,20.7,3240671.0
2025/5/15,20.7,20.71,19.72,19.84,4728900.0
2025/5/16,19.72,20.23,19.68,20.07,2549000.0
2025/5/19,20.07,20.28,19.85,20.12,1773700.0
2025/5/20,20.29,20.88,19.92,20.69,3897500.0
2025/5/21,20.7,20.7,19.98,20.07,3923200.0
2025/5/22,20.06,20.27,19.6,19.93,3726200.0
2025/5/23,20.0,20.0,19.2,19.31,3862500.0
2025/5/26,19.45,21.24,19.4,20.77,16816400.0
2025/5/27,20.82,20.96,20.3,20.4,10314700.0
2025/5/28,20.4,21.47,20.14,20.87,9709700.0
2025/5/29,20.84,21.27,20.61,21.11,5770700.0
2025/5/30,21.08,21.77,20.63,20.63,6215084.0
2025/6/3,20.46,22.69,20.42,21.85,19393581.0
2025/6/4,21.42,22.28,21.38,21.79,12175000.0
2025/6/5,21.8,22.58,21.7,22.11,9280721.0
2025/6/6,21.88,22.61,21.59,21.7,6169300.0
2025/6/9,21.77,21.88,21.5,21.69,5024000.0
2025/6/10,21.73,21.87,21.09,21.62,6059733.0
2025/6/11,21.62,23.78,21.55,23.78,19190293.0
2025/6/12,22.66,23.78,22.6,23.1,23154543.0
2025/6/13,22.5,23.45,21.85,22.67,17420700.0
2025/6/16,22.5,24.93,22.47,24.13,23233602.0
2025/6/17,23.79,24.5,23.52,23.69,14691115.0
2025/6/18,23.39,23.73,23.0,23.23,9693843.0
2025/6/19,23.17,23.9,22.9,23.76,16754700.0
2025/6/20,23.98,24.23,22.12,22.46,13050635.0
2025/6/23,21.74,22.1,21.29,21.94,10495382.0
2025/6/24,22.1,24.13,22.04,24.13,19879869.0
2025/6/25,24.78,25.34,24.35,24.5,29240901.0
2025/6/26,24.35,24.69,24.15,24.25,14146246.0
2025/6/27,24.2,24.46,23.97,24.18,9541274.0
2025/6/30,24.3,25.49,24.2,25.1,20120074.0
2025/7/1,24.72,25.09,24.3,24.62,11362800.0
2025/7/2,24.4,24.78,24.04,24.62,7936300.0
2025/7/3,24.53,24.65,23.79,24.15,7747744.0
2025/7/4,24.0,24.82,23.91,24.16,10517900.0
2025/7/7,23.9,24.6,23.65,23.78,7990100.0
2025/7/8,23.67,26.16,23.4,24.8,20969944.0
2025/7/9,24.6,24.88,24.27,24.49,11400000.0
2025/7/10,24.55,24.62,23.85,24.02,8967615.0
2025/7/11,23.86,23.98,23.53,23.57,7991600.0
2025/7/14,22.8,22.87,22.01,22.84,11476115.0
2025/7/15,22.61,22.99,22.61,22.84,5522000.0
2025/7/16,22.78,23.22,22.58,22.86,5813000.0
2025/7/17,22.7,23.0,22.56,22.87,4596500.0
2025/7/18,22.83,22.98,22.57,22.71,4689800.0
2025/7/21,22.7,22.96,22.65,22.94,4399600.0
2025/7/22,22.85,22.99,22.42,22.77,5776560.0
2025/7/23,22.76,22.99,22.45,22.46,3874871.0
2025/7/24,22.46,23.23,22.41,23.21,8727100.0
2025/7/25,23.2,23.3,22.88,23.01,4711600.0
2025/7/28,22.95,23.07,22.66,22.93,3411900.0
2025/7/29,22.9,23.0,22.56,22.98,4163000.0
2025/7/30,22.88,23.17,22.69,23.03,5627503.0
2025/7/31,22.98,23.0,22.34,22.55,5105900.0
2025/8/1,22.69,22.8,22.17,22.7,4646500.0
2025/8/4,22.55,23.3,22.39,23.18,6652300.0
2025/8/5,23.19,23.75,23.1,23.36,8293000.0
2025/8/6,23.5,24.2,23.5,23.74,7927064.0
2025/8/7,23.66,23.69,23.33,23.34,4781500.0
2025/8/8,23.35,23.47,22.9,23.01,4436300.0
2025/8/11,23.01,23.31,22.91,23.21,3003300.0
2025/8/12,23.12,23.35,22.89,23.01,4020000.0
2025/8/13,23.03,23.1,22.76,22.99,4616764.0
2025/8/14,22.95,23.45,22.85,22.9,6952100.0
2025/8/15,22.8,23.01,22.6,22.88,5103100.0
2025/8/18,22.88,23.17,22.8,23.11,5681500.0
2025/8/19,23.1,23.18,22.8,22.88,4610600.0
2025/8/20,22.81,23.15,22.7,22.97,4694400.0
2025/8/21,22.87,23.44,22.86,23.28,7385301.0
2025/8/22,23.37,23.37,23.03,23.29,5149242.0
2025/8/25,23.3,23.43,22.99,23.42,6778100.0
2025/8/26,23.4,24.45,23.31,24.01,14375200.0
2025/8/27,23.98,24.17,23.01,23.05,8648000.0
2025/8/28,23.05,23.24,21.77,22.74,10906523.0
2025/8/29,22.72,22.74,22.28,22.42,4797300.0
2025/9/1,22.29,22.3,21.54,21.81,7882829.0
2025/9/2,21.8,21.96,20.99,21.02,8095300.0
2025/9/3,20.99,21.57,20.95,21.23,5707854.0
2025/9/4,21.21,21.34,20.6,20.85,4169300.0
2025/9/5,21.17,21.5,20.74,21.35,3945900.0
2025/9/8,21.18,21.88,21.18,21.8,4301100.0
2025/9/9,21.8,22.0,21.35,21.48,3391428.0
2025/9/10,21.31,21.9,21.31,21.64,3141838.0
2025/9/11,21.66,21.66,21.04,21.6,3821038.0
2025/9/12,21.6,21.79,21.3,21.35,3183497.0
2025/9/15,21.43,22.26,21.26,21.85,6339897.0
2025/9/16,21.84,21.98,21.6,21.85,3408900.0
2025/9/17,21.7,22.18,21.7,21.9,3420100.0
2025/9/18,21.95,22.27,21.25,21.41,5840600.0
2025/9/19,21.41,21.69,21.19,21.44,2644200.0
2025/9/22,21.38,21.38,20.94,21.1,2849800.0
2025/9/23,21.02,21.2,20.2,20.54,3648700.0
2025/9/24,20.55,20.96,20.3,20.95,2928205.0
2025/9/25,20.96,22.88,20.81,21.76,6785665.0
2025/9/26,21.58,21.7,21.05,21.08,3726000.0
2025/9/29,20.85,21.35,20.5,21.17,3438218.0
2025/9/30,21.35,21.35,20.99,21.05,2172600.0
2025/10/9,21.1,21.14,20.59,20.7,2606666.0
2025/10/10,20.69,20.99,20.69,20.72,2456835.0
2025/10/13,20.05,20.51,19.87,20.17,2948500.0
2025/10/14,20.18,20.56,19.96,20.03,2941398.0
2025/10/15,20.0,20.19,19.72,20.0,2611565.0
2025/10/16,19.92,20.0,19.66,19.67,2262400.0
2025/10/17,19.67,19.76,19.3,19.31,2496697.0
2025/10/20,19.39,19.5,19.21,19.31,2542300.0
2025/10/21,19.3,19.39,19.1,19.32,3023300.0
2025/10/22,19.3,19.68,19.26,19.38,2435800.0
2025/10/23,19.39,19.55,19.28,19.54,2312100.0
2025/10/24,19.6,19.66,19.46,19.58,1564700.0
2025/10/27,19.58,19.63,19.36,19.51,2296500.0
2025/10/28,19.53,19.6,19.36,19.41,1664664.0
2025/10/29,19.41,19.65,19.3,19.57,2602799.0
2025/10/30,19.57,19.57,19.0,19.08,3692600.0
2025/10/31,19.1,19.85,19.09,19.7,4053198.0
2025/11/3,19.68,20.16,19.68,20.13,3799863.0
2025/11/4,20.09,20.09,19.71,19.89,2262965.0
2025/11/5,19.74,19.97,19.61,19.78,1767900.0
2025/11/6,19.8,19.8,19.51,19.6,1774504.0
2025/11/7,19.62,19.67,19.42,19.43,2066565.0
2025/11/10,19.42,19.81,19.42,19.8,2148715.0
2025/11/11,19.8,20.12,19.67,20.06,2713700.0
2025/11/12,20.06,20.47,19.76,19.82,3456800.0
2025/11/13,19.83,19.86,19.57,19.8,2175600.0
2025/11/14,19.82,20.05,19.72,19.76,2347700.0
2025/11/17,19.77,19.93,19.57,19.93,1740300.0
2025/11/18,19.9,20.1,19.81,20.0,2280773.0
2025/11/19,20.0,20.08,19.63,19.8,2144075.0
2025/11/20,19.8,19.89,19.46,19.5,1729200.0
2025/11/21,19.45,19.93,19.28,19.5,3864933.0
2025/11/24,19.48,20.05,19.3,20.0,4281136.0
2025/11/25,19.91,20.44,19.91,20.32,5892400.0
2025/11/26,20.29,20.47,20.01,20.04,3989900.0
2025/11/27,20.07,20.4,19.93,19.99,3380600.0
2025/11/28,19.91,20.09,19.56,19.98,4088000.0
2025/12/1,19.98,20.4,19.83,19.92,2804800.0
2025/12/2,19.92,19.92,19.6,19.64,1920000.0
2025/12/3,19.64,19.72,18.91,18.99,4365737.0
2025/12/4,18.88,18.96,18.39,18.46,2682400.0
2025/12/5,18.52,18.68,18.3,18.67,1494700.0
2025/12/8,18.66,18.8,18.53,18.74,1521100.0
2025/12/9,18.73,18.9,18.62,18.67,1384807.0
2025/12/10,18.6,18.81,18.42,18.75,1342176.0
2025/12/11,18.75,18.79,18.31,18.34,1456307.0
2025/12/12,18.35,19.0,18.18,18.6,2947706.0
2025/12/15,18.46,18.75,18.44,18.51,1357600.0
2025/12/16,18.43,18.57,18.11,18.19,1449500.0
2025/12/17,18.29,18.29,17.68,18.13,2320810.0
2025/12/18,18.06,18.73,17.96,18.45,2000800.0
2025/12/19,18.45,18.79,18.38,18.69,1655300.0
2025/12/22,18.8,18.81,18.48,18.6,1624000.0
2025/12/23,18.47,18.67,18.22,18.27,1781800.0
2025/12/24,18.23,18.45,18.21,18.42,1183500.0
2025/12/25,18.42,18.79,18.3,18.61,1881276.0
2025/12/26,18.64,18.8,18.5,18.61,1683000.0
2025/12/29,18.56,18.68,18.53,18.58,1254700.0
2025/12/30,18.47,18.8,18.41,18.52,1564400.0
2025/12/31,18.47,18.68,18.4,18.51,2047500.0
2026/1/5,18.56,19.01,18.46,18.85,3654500.0
2026/1/6,18.85,19.05,18.76,19.0,3703416.0
2026/1/7,18.97,19.19,18.79,18.8,2580116.0
2026/1/8,18.8,19.15,18.69,18.97,3248400.0
2026/1/9,19.02,19.33,18.9,19.33,4748100.0
2026/1/12,19.55,20.13,19.5,20.07,8112297.0
2026/1/13,20.16,21.0,19.7,20.31,10762500.0
2026/1/14,20.22,20.99,20.22,20.68,9395968.0
2026/1/15,20.45,20.65,20.14,20.3,5121826.0
2026/1/16,20.3,20.42,19.42,19.78,5270020.0
2026/1/19,19.61,19.9,19.51,19.64,2881300.0
2026/1/20,19.64,19.9,19.45,19.69,3232200.0
2026/1/21,19.0,19.38,18.92,18.95,5670100.0
2026/1/22,18.95,19.33,18.94,19.32,3418415.0
2026/1/23,19.33,19.45,19.2,19.35,2653900.0
2026/1/26,19.29,19.4,18.81,19.08,4298908.0
2026/1/27,19.08,19.41,18.53,18.85,3395300.0
2026/1/28,18.79,19.05,18.55,18.62,3118626.0
2026/1/29,18.51,19.26,18.31,18.8,4771921.0
2026/1/30,18.63,19.14,18.56,19.02,3551900.0
2026/2/2,18.94,19.26,18.53,18.6,2954700.0
2026/2/3,18.73,19.0,18.6,18.94,2828700.0
2026/2/4,18.9,18.93,18.45,18.65,2981700.0
2026/2/5,18.53,18.9,18.47,18.72,2817600.0
2026/2/6,18.71,18.75,18.41,18.55,2525600.0
2026/2/9,18.78,19.25,18.78,19.19,4645310.0
2026/2/10,19.37,20.0,19.16,19.68,6855743.0
2026/2/11,20.01,20.03,19.47,19.53,5082144.0
2026/2/12,19.4,19.53,19.0,19.43,4821400.0
2026/2/13,19.28,19.99,19.25,19.8,7475800.0
2026/2/24,19.8,19.8,19.08,19.14,5662300.0
2026/2/25,19.12,19.61,18.93,19.13,4394600.0
2026/2/26,19.0,19.11,18.77,18.88,3185700.0
2026/2/27,18.93,19.29,18.78,19.11,2797500.0
2026/3/2,18.86,18.98,18.51,18.56,3246800.0
2026/3/3,18.53,18.76,17.9,18.35,3774802.0
2026/3/4,18.16,18.3,17.69,18.06,3127900.0
2026/3/5,18.25,18.65,18.05,18.26,3020507.0
2026/3/6,18.22,18.57,18.12,18.54,2556100.0
2026/3/9,18.3,19.05,18.07,18.84,3798889.0
2026/3/10,18.88,20.69,18.7,20.21,15079690.0
2026/3/11,20.65,20.7,19.61,19.7,11571100.0
2026/3/12,19.58,19.7,19.19,19.26,4868500.0
2026/3/13,19.56,20.17,19.06,19.06,6649700.0
2026/3/16,19.1,19.17,17.84,18.12,9892900.0
2026/3/17,18.15,18.32,17.81,17.87,4711500.0
2026/3/18,17.8,18.22,17.8,18.18,2987000.0
2026/3/19,18.0,18.09,17.71,17.78,2727500.0
2026/3/20,17.77,17.92,17.01,17.04,4026010.0
